KeyName,KeyLastWriteTimestamp,BusReportedDescription,Class,ClassGuid,Compid,ContainerId,Description,DriverId,DriverPackageStrongName,DriverName,DriverVerDate,DriverVerVersion,Enumerator,HWID,Inf,InstallState,Manufacturer,MatchingId,Model,ParentId,ProblemCode,Provider,Service,Stackid
acpi/acpi0003/2&daba3ff&0,2018-04-06 07:23:10,,battery,{72631e54-78a4-11d0-bcf7-00aa00b7b32a},,{27db0821-3bf9-f71a-f96f-a53403857690},Microsoft AC Adapter,0000d1dadc499e8dc5a9983e11cd3bee0b21f81b575c,cmbatt.inf_amd64_9ca36089ed7a3600,cmbatt.sys,06-21-2006,10.0.16299.15,acpi,"acpi\ven_acpi&dev_0003,acpi\acpi0003,*acpi0003",cmbatt.inf,0,Microsoft,acpi\acpi0003,Microsoft AC Adapter,acpi_hal\pnp0c08\0,0,Microsoft,cmbatt,"\driver\cmbatt,\driver\acpi"
acpi/dellabce/2&daba3ff&0,2018-04-06 07:23:10,,hidclass,{745a17a0-74d3-11d0-b6fe-00a0c90f57da},,{27db0821-3bf9-f71a-f96f-a53403857690},Airplane Mode Switch,0000a157f88703fe847f4dc1e8417e6667e23ea6fa43,dellrbtn.inf_amd64_f97e65ab5ad63c31,dellrbtn.sys,10-26-2016,17.38.40.165,acpi,"acpi\ven_dell&dev_abce,acpi\dellabce,*dellabce",oem2.inf,0,Dell Inc,acpi\dellabce,Airplane Mode Switch,acpi_hal\pnp0c08\0,0,Dell Inc,dellrbtn,"\driver\mshidkmdf,\driver\dellrbtn,\driver\acpi"
acpi/dll0534/4&13ba94af&0,2018-04-06 07:23:10,,mouse,{4d36e96f-e325-11ce-bfc1-08002be10318},*pnp0f13,{27db0821-3bf9-f71a-f96f-a53403857690},Dell Touchpad,00008326c9fe82683d792eb2c3b1f94ec17c17d3d893,apfiltr.inf_amd64_2d4012c4b3408b59,i8042prt.sys,06-23-2015,10.1207.101.103,acpi,"acpi\ven_dll&dev_0534,acpi\dll0534,*dll0534",oem3.inf,0,Alps Electric,acpi\dll0534,Dell Touchpad,pci\ven_8086&dev_1e55&subsys_05341028&rev_04\3&11583659&0&f8,0,Alps,i8042prt,"\driver\mouclass,\driver\apfiltrservice,\driver\i8042prt,\driver\acpi"
acpi/dllk0534/4&13ba94af&0,2018-04-06 07:23:10,,keyboard,{4d36e96b-e325-11ce-bfc1-08002be10318},*pnp0303,{27db0821-3bf9-f71a-f96f-a53403857690},Standard PS/2 Keyboard,00008326c9fe82683d792eb2c3b1f94ec17c17d3d893,keyboard.inf_amd64_604ef8d09f87f339,i8042prt.sys,06-21-2006,10.0.16299.15,acpi,"acpi\ven_dllk&dev_0534,acpi\dllk0534,*dllk0534",keyboard.inf,0,(Standard keyboards),*pnp0303,Standard PS/2 Keyboard,pci\ven_8086&dev_1e55&subsys_05341028&rev_04\3&11583659&0&f8,0,Microsoft,i8042prt,"\driver\kbdclass,\driver\i8042prt,\driver\acpi"
acpi/fixedbutton/2&daba3ff&0,2018-04-06 07:23:10,,system,{4d36e97d-e325-11ce-bfc1-08002be10318},,{27db0821-3bf9-f71a-f96f-a53403857690},ACPI Fixed Feature Button,,machine.inf_amd64_2e357051cb5d7b68,,06-21-2006,10.0.16299.309,acpi,"acpi\fixedbutton,*fixedbutton",machine.inf,0,(Standard system devices),acpi\fixedbutton,ACPI Fixed Feature Button,acpi_hal\pnp0c08\0,0,Microsoft,,\driver\acpi
acpi/genuineintel_-_intel64_family_6_model_58_-________intel(r)_core(tm)_i5-3340m_cpu_@_2.70ghz/_1,2018-04-06 07:23:10,,processor,{50127dc3-0f36-415e-a6cc-4cb3be910b65},acpi\processor,{27db0821-3bf9-f71a-f96f-a53403857690},Intel(R) Core(TM) i5-3340M CPU @ 2.70GHz,0000169dcd86ab668b4c51b95536675d8a38095d3af5,cpu.inf_amd64_24cae68cc0885265,intelppm.sys,04-21-2009,10.0.16299.15,acpi,"acpi\genuineintel_-_intel64_family_6_model_58,*genuineintel_-_intel64_family_6_model_58,acpi\genuineintel_-_intel64_family_6,*genuineintel_-_intel64_family_6,acpi\genuineintel_-_intel64,*genuineintel_-_intel64",cpu.inf,0,Intel,acpi\genuineintel_-_intel64,Intel Processor,acpi_hal\pnp0c08\0,0,Microsoft,intelppm,"\driver\intelppm,\driver\acpi"
acpi/genuineintel_-_intel64_family_6_model_58_-________intel(r)_core(tm)_i5-3340m_cpu_@_2.70ghz/_2,2018-04-06 07:23:10,,processor,{50127dc3-0f36-415e-a6cc-4cb3be910b65},acpi\processor,{27db0821-3bf9-f71a-f96f-a53403857690},Intel(R) Core(TM) i5-3340M CPU @ 2.70GHz,0000169dcd86ab668b4c51b95536675d8a38095d3af5,cpu.inf_amd64_24cae68cc0885265,intelppm.sys,04-21-2009,10.0.16299.15,acpi,"acpi\genuineintel_-_intel64_family_6_model_58,*genuineintel_-_intel64_family_6_model_58,acpi\genuineintel_-_intel64_family_6,*genuineintel_-_intel64_family_6,acpi\genuineintel_-_intel64,*genuineintel_-_intel64",cpu.inf,0,Intel,acpi\genuineintel_-_intel64,Intel Processor,acpi_hal\pnp0c08\0,0,Microsoft,intelppm,"\driver\intelppm,\driver\acpi"
acpi/genuineintel_-_intel64_family_6_model_58_-________intel(r)_core(tm)_i5-3340m_cpu_@_2.70ghz/_3,2018-04-06 07:23:10,,processor,{50127dc3-0f36-415e-a6cc-4cb3be910b65},acpi\processor,{27db0821-3bf9-f71a-f96f-a53403857690},Intel(R) Core(TM) i5-3340M CPU @ 2.70GHz,0000169dcd86ab668b4c51b95536675d8a38095d3af5,cpu.inf_amd64_24cae68cc0885265,intelppm.sys,04-21-2009,10.0.16299.15,acpi,"acpi\genuineintel_-_intel64_family_6_model_58,*genuineintel_-_intel64_family_6_model_58,acpi\genuineintel_-_intel64_family_6,*genuineintel_-_intel64_family_6,acpi\genuineintel_-_intel64,*genuineintel_-_intel64",cpu.inf,0,Intel,acpi\genuineintel_-_intel64,Intel Processor,acpi_hal\pnp0c08\0,0,Microsoft,intelppm,"\driver\intelppm,\driver\acpi"
acpi/genuineintel_-_intel64_family_6_model_58_-________intel(r)_core(tm)_i5-3340m_cpu_@_2.70ghz/_4,2018-04-06 07:23:10,,processor,{50127dc3-0f36-415e-a6cc-4cb3be910b65},acpi\processor,{27db0821-3bf9-f71a-f96f-a53403857690},Intel(R) Core(TM) i5-3340M CPU @ 2.70GHz,0000169dcd86ab668b4c51b95536675d8a38095d3af5,cpu.inf_amd64_24cae68cc0885265,intelppm.sys,04-21-2009,10.0.16299.15,acpi,"acpi\genuineintel_-_intel64_family_6_model_58,*genuineintel_-_intel64_family_6_model_58,acpi\genuineintel_-_intel64_family_6,*genuineintel_-_intel64_family_6,acpi\genuineintel_-_intel64,*genuineintel_-_intel64",cpu.inf,0,Intel,acpi\genuineintel_-_intel64,Intel Processor,acpi_hal\pnp0c08\0,0,Microsoft,intelppm,"\driver\intelppm,\driver\acpi"
acpi/int0800/4&13ba94af&0,2018-04-06 07:23:10,,system,{4d36e97d-e325-11ce-bfc1-08002be10318},,{27db0821-3bf9-f71a-f96f-a53403857690},Legacy device,,machine.inf_amd64_2e357051cb5d7b68,,06-21-2006,10.0.16299.309,acpi,"acpi\ven_int&dev_0800,acpi\int0800,*int0800",machine.inf,0,Intel,*int0800,Legacy device,pci\ven_8086&dev_1e55&subsys_05341028&rev_04\3&11583659&0&f8,0,Microsoft,,\driver\acpi
acpi/int3f0d/4&13ba94af&0,2018-04-06 07:23:10,,system,{4d36e97d-e325-11ce-bfc1-08002be10318},*pnp0c02,{27db0821-3bf9-f71a-f96f-a53403857690},Motherboard resources,,machine.inf_amd64_2e357051cb5d7b68,,06-21-2006,10.0.16299.309,acpi,"acpi\ven_int&dev_3f0d,acpi\int3f0d,*int3f0d",machine.inf,0,(Standard system devices),*pnp0c02,Motherboard resources,pci\ven_8086&dev_1e55&subsys_05341028&rev_04\3&11583659&0&f8,0,Microsoft,,\driver\acpi
acpi/pnp0000/4&13ba94af&0,2018-04-06 07:23:10,,system,{4d36e97d-e325-11ce-bfc1-08002be10318},,{27db0821-3bf9-f71a-f96f-a53403857690},Programmable interrupt controller,,machine.inf_amd64_2e357051cb5d7b68,,06-21-2006,10.0.16299.309,acpi,"acpi\ven_pnp&dev_0000,acpi\pnp0000,*pnp0000",machine.inf,0,(Standard system devices),*pnp0000,Programmable interrupt controller,pci\ven_8086&dev_1e55&subsys_05341028&rev_04\3&11583659&0&f8,0,Microsoft,,\driver\acpi
acpi/pnp0100/4&13ba94af&0,2018-04-06 07:23:10,,system,{4d36e97d-e325-11ce-bfc1-08002be10318},,{27db0821-3bf9-f71a-f96f-a53403857690},System timer,,machine.inf_amd64_2e357051cb5d7b68,,06-21-2006,10.0.16299.309,acpi,"acpi\ven_pnp&dev_0100,acpi\pnp0100,*pnp0100",machine.inf,0,(Standard system devices),*pnp0100,System timer,pci\ven_8086&dev_1e55&subsys_05341028&rev_04\3&11583659&0&f8,0,Microsoft,,\driver\acpi
acpi/pnp0103/0,2018-04-06 07:23:10,,system,{4d36e97d-e325-11ce-bfc1-08002be10318},,{27db0821-3bf9-f71a-f96f-a53403857690},High precision event timer,,machine.inf_amd64_2e357051cb5d7b68,,06-21-2006,10.0.16299.309,acpi,"acpi\ven_pnp&dev_0103,acpi\pnp0103,*pnp0103",machine.inf,0,(Standard system devices),*pnp0103,High precision event timer,pci\ven_8086&dev_1e55&subsys_05341028&rev_04\3&11583659&0&f8,0,Microsoft,,\driver\acpi
acpi/pnp0200/4&13ba94af&0,2018-04-06 07:23:10,,system,{4d36e97d-e325-11ce-bfc1-08002be10318},,{27db0821-3bf9-f71a-f96f-a53403857690},Direct memory access controller,,machine.inf_amd64_2e357051cb5d7b68,,06-21-2006,10.0.16299.309,acpi,"acpi\ven_pnp&dev_0200,acpi\pnp0200,*pnp0200",machine.inf,0,(Standard system devices),*pnp0200,Direct memory access controller,pci\ven_8086&dev_1e55&subsys_05341028&rev_04\3&11583659&0&f8,0,Microsoft,,\driver\acpi
acpi/pnp0401/5,2018-04-06 07:23:10,,ports,{4d36e978-e325-11ce-bfc1-08002be10318},,{27db0821-3bf9-f71a-f96f-a53403857690},ECP Printer Port (LPT1),0000eb41ae0829dcaa7ca070c1c00001a1960e92cad0,msports.inf_amd64_0310aabbba631e19,parport.sys,06-21-2006,10.0.16299.15,acpi,"acpi\ven_pnp&dev_0401,acpi\pnp0401,*pnp0401",msports.inf,0,(Standard port types),*pnp0401,ECP Printer Port,pci\ven_8086&dev_1e55&subsys_05341028&rev_04\3&11583659&0&f8,0,Microsoft,parport,"\driver\parport,\driver\acpi"
acpi/pnp0a08/0,2018-04-06 07:23:10,,system,{4d36e97d-e325-11ce-bfc1-08002be10318},*pnp0a03,{27db0821-3bf9-f71a-f96f-a53403857690},PCI Express Root Complex,00005d6b1a959a52a8b75ee8a112595637504b20b68b,pci.inf_amd64_8f44c165eaa393ea,pci.sys,06-21-2006,10.0.16299.251,acpi,"acpi\ven_pnp&dev_0a08,acpi\pnp0a08,*pnp0a08",pci.inf,0,(Standard system devices),*pnp0a08,PCI Express Root Complex,acpi_hal\pnp0c08\0,0,Microsoft,pci,"\driver\pci,\driver\acpi"
acpi/pnp0b00/4&13ba94af&0,2018-04-06 07:23:10,,system,{4d36e97d-e325-11ce-bfc1-08002be10318},,{27db0821-3bf9-f71a-f96f-a53403857690},System CMOS/real time clock,,machine.inf_amd64_2e357051cb5d7b68,,06-21-2006,10.0.16299.309,acpi,"acpi\ven_pnp&dev_0b00,acpi\pnp0b00,*pnp0b00",machine.inf,0,(Standard system devices),*pnp0b00,System CMOS/real time clock,pci\ven_8086&dev_1e55&subsys_05341028&rev_04\3&11583659&0&f8,0,Microsoft,,\driver\acpi
acpi/pnp0c01/1,2018-04-06 07:23:10,,system,{4d36e97d-e325-11ce-bfc1-08002be10318},,{27db0821-3bf9-f71a-f96f-a53403857690},System board,,machine.inf_amd64_2e357051cb5d7b68,,06-21-2006,10.0.16299.309,acpi,"acpi\ven_pnp&dev_0c01,acpi\pnp0c01,*pnp0c01",machine.inf,0,(Standard system devices),*pnp0c01,System board,acpi\pnp0a08\0,0,Microsoft,,\driver\acpi
acpi/pnp0c01/2,2018-04-06 07:23:10,,system,{4d36e97d-e325-11ce-bfc1-08002be10318},,{27db0821-3bf9-f71a-f96f-a53403857690},System board,,machine.inf_amd64_2e357051cb5d7b68,,06-21-2006,10.0.16299.309,acpi,"acpi\ven_pnp&dev_0c01,acpi\pnp0c01,*pnp0c01",machine.inf,0,(Standard system devices),*pnp0c01,System board,acpi_hal\pnp0c08\0,0,Microsoft,,\driver\acpi
acpi/pnp0c02/1,2018-04-06 07:23:10,,system,{4d36e97d-e325-11ce-bfc1-08002be10318},,{27db0821-3bf9-f71a-f96f-a53403857690},Motherboard resources,,machine.inf_amd64_2e357051cb5d7b68,,06-21-2006,10.0.16299.309,acpi,"acpi\ven_pnp&dev_0c02,acpi\pnp0c02,*pnp0c02",machine.inf,0,(Standard system devices),*pnp0c02,Motherboard resources,acpi\pnp0a08\0,0,Microsoft,,\driver\acpi
acpi/pnp0c02/10,2018-04-06 07:23:10,,system,{4d36e97d-e325-11ce-bfc1-08002be10318},,{27db0821-3bf9-f71a-f96f-a53403857690},Motherboard resources,,machine.inf_amd64_2e357051cb5d7b68,,06-21-2006,10.0.16299.309,acpi,"acpi\ven_pnp&dev_0c02,acpi\pnp0c02,*pnp0c02",machine.inf,0,(Standard system devices),*pnp0c02,Motherboard resources,pci\ven_8086&dev_1e55&subsys_05341028&rev_04\3&11583659&0&f8,0,Microsoft,,\driver\acpi
acpi/pnp0c02/2,2018-04-06 07:23:10,,system,{4d36e97d-e325-11ce-bfc1-08002be10318},,{27db0821-3bf9-f71a-f96f-a53403857690},Motherboard resources,,machine.inf_amd64_2e357051cb5d7b68,,06-21-2006,10.0.16299.309,acpi,"acpi\ven_pnp&dev_0c02,acpi\pnp0c02,*pnp0c02",machine.inf,0,(Standard system devices),*pnp0c02,Motherboard resources,pci\ven_8086&dev_1e55&subsys_05341028&rev_04\3&11583659&0&f8,0,Microsoft,,\driver\acpi
acpi/pnp0c04/4&13ba94af&0,2018-04-06 07:23:10,,system,{4d36e97d-e325-11ce-bfc1-08002be10318},,{27db0821-3bf9-f71a-f96f-a53403857690},Numeric data processor,,machine.inf_amd64_2e357051cb5d7b68,,06-21-2006,10.0.16299.309,acpi,"acpi\ven_pnp&dev_0c04,acpi\pnp0c04,*pnp0c04",machine.inf,0,(Standard system devices),*pnp0c04,Numeric data processor,pci\ven_8086&dev_1e55&subsys_05341028&rev_04\3&11583659&0&f8,0,Microsoft,,\driver\acpi
acpi/pnp0c09/0,2018-04-06 07:23:10,,system,{4d36e97d-e325-11ce-bfc1-08002be10318},,{27db0821-3bf9-f71a-f96f-a53403857690},Microsoft ACPI-Compliant Embedded Controller,,machine.inf_amd64_2e357051cb5d7b68,,06-21-2006,10.0.16299.309,acpi,"acpi\ven_pnp&dev_0c09,acpi\pnp0c09,*pnp0c09",machine.inf,0,(Standard system devices),*pnp0c09,Microsoft ACPI-Compliant Embedded Controller,pci\ven_8086&dev_1e55&subsys_05341028&rev_04\3&11583659&0&f8,0,Microsoft,,\driver\acpi
acpi/pnp0c0a/1,2018-04-06 07:23:10,,battery,{72631e54-78a4-11d0-bcf7-00aa00b7b32a},,{27db0821-3bf9-f71a-f96f-a53403857690},Microsoft ACPI-Compliant Control Method Battery,0000d1dadc499e8dc5a9983e11cd3bee0b21f81b575c,cmbatt.inf_amd64_9ca36089ed7a3600,cmbatt.sys,06-21-2006,10.0.16299.15,acpi,"acpi\ven_pnp&dev_0c0a,acpi\pnp0c0a,*pnp0c0a",cmbatt.inf,0,Microsoft,acpi\pnp0c0a,Microsoft ACPI-Compliant Control Method Battery,acpi_hal\pnp0c08\0,0,Microsoft,cmbatt,"\driver\cmbatt,\driver\acpi"
acpi/pnp0c0a/2,2018-04-06 07:23:10,,battery,{72631e54-78a4-11d0-bcf7-00aa00b7b32a},,{27db0821-3bf9-f71a-f96f-a53403857690},Microsoft ACPI-Compliant Control Method Battery,0000d1dadc499e8dc5a9983e11cd3bee0b21f81b575c,cmbatt.inf_amd64_9ca36089ed7a3600,cmbatt.sys,06-21-2006,10.0.16299.15,acpi,"acpi\ven_pnp&dev_0c0a,acpi\pnp0c0a,*pnp0c0a",cmbatt.inf,0,Microsoft,acpi\pnp0c0a,Microsoft ACPI-Compliant Control Method Battery,acpi_hal\pnp0c08\0,0,Microsoft,cmbatt,"\driver\cmbatt,\driver\acpi"
acpi/pnp0c0a/3,2018-04-06 07:23:10,,battery,{72631e54-78a4-11d0-bcf7-00aa00b7b32a},,{27db0821-3bf9-f71a-f96f-a53403857690},Microsoft ACPI-Compliant Control Method Battery,0000d1dadc499e8dc5a9983e11cd3bee0b21f81b575c,cmbatt.inf_amd64_9ca36089ed7a3600,cmbatt.sys,06-21-2006,10.0.16299.15,acpi,"acpi\ven_pnp&dev_0c0a,acpi\pnp0c0a,*pnp0c0a",cmbatt.inf,0,Microsoft,acpi\pnp0c0a,Microsoft ACPI-Compliant Control Method Battery,acpi_hal\pnp0c08\0,0,Microsoft,cmbatt,"\driver\cmbatt,\driver\acpi"
acpi/pnp0c0c/2&daba3ff&0,2018-04-06 07:23:10,,system,{4d36e97d-e325-11ce-bfc1-08002be10318},,{27db0821-3bf9-f71a-f96f-a53403857690},ACPI Power Button,,machine.inf_amd64_2e357051cb5d7b68,,06-21-2006,10.0.16299.309,acpi,"acpi\ven_pnp&dev_0c0c,acpi\pnp0c0c,*pnp0c0c",machine.inf,0,(Standard system devices),*pnp0c0c,ACPI Power Button,acpi_hal\pnp0c08\0,0,Microsoft,,\driver\acpi
acpi/pnp0c0d/2&daba3ff&0,2018-04-06 07:23:10,,system,{4d36e97d-e325-11ce-bfc1-08002be10318},,{27db0821-3bf9-f71a-f96f-a53403857690},ACPI Lid,,machine.inf_amd64_2e357051cb5d7b68,,06-21-2006,10.0.16299.309,acpi,"acpi\ven_pnp&dev_0c0d,acpi\pnp0c0d,*pnp0c0d",machine.inf,0,(Standard system devices),*pnp0c0d,ACPI Lid,acpi_hal\pnp0c08\0,0,Microsoft,,\driver\acpi
acpi/pnp0c0e/2&daba3ff&0,2018-04-06 07:23:10,,system,{4d36e97d-e325-11ce-bfc1-08002be10318},,{27db0821-3bf9-f71a-f96f-a53403857690},ACPI Sleep Button,,machine.inf_amd64_2e357051cb5d7b68,,06-21-2006,10.0.16299.309,acpi,"acpi\ven_pnp&dev_0c0e,acpi\pnp0c0e,*pnp0c0e",machine.inf,0,(Standard system devices),*pnp0c0e,ACPI Sleep Button,acpi_hal\pnp0c08\0,0,Microsoft,,\driver\acpi
acpi/pnp0c14/0,2018-04-06 07:23:10,,system,{4d36e97d-e325-11ce-bfc1-08002be10318},,{27db0821-3bf9-f71a-f96f-a53403857690},Microsoft Windows Management Interface for ACPI,0000449be5687d322a5f1eedd6a49197a99a61eb87de,wmiacpi.inf_amd64_7127bd06881cc57b,wmiacpi.sys,06-21-2006,10.0.16299.15,acpi,"acpi\ven_pnp&dev_0c14,acpi\pnp0c14,*pnp0c14",wmiacpi.inf,0,Microsoft,*pnp0c14,Microsoft Windows Management Interface for ACPI,acpi_hal\pnp0c08\0,0,Microsoft,wmiacpi,"\driver\wmiacpi,\driver\acpi"
acpi/smo8810/1,2018-04-06 07:23:10,,system,{4d36e97d-e325-11ce-bfc1-08002be10318},,{27db0821-3bf9-f71a-f96f-a53403857690},STMicroelectronics 3-Axis Digital Accelerometer,000085910bedd025aa1d22a8a040d88c95ebe5532f17,st_accel.inf_amd64_f254a99a0a74721d,st_accel.sys,10-07-2016,2.2.3.13,acpi,"acpi\ven_smo&dev_8810,acpi\smo8810,*smo8810",oem12.inf,0,STMicroelectronics,acpi\smo8810,STMicroelectronics 3-Axis Digital Accelerometer,acpi\pnp0a08\0,0,STMicroelectronics,st_accel,"\driver\st_accel,\driver\acpi"
acpi/thermalzone/thm_,2018-04-06 07:23:10,,system,{4d36e97d-e325-11ce-bfc1-08002be10318},,{27db0821-3bf9-f71a-f96f-a53403857690},ACPI Thermal Zone,,machine.inf_amd64_2e357051cb5d7b68,,06-21-2006,10.0.16299.309,acpi,"acpi\thermalzone,*thermalzone",machine.inf,0,(Standard system devices),acpi\thermalzone,ACPI Thermal Zone,acpi_hal\pnp0c08\0,0,Microsoft,,\driver\acpi
acpi_hal/pnp0c08/0,2018-04-06 07:23:10,,system,{4d36e97d-e325-11ce-bfc1-08002be10318},,{27db0821-3bf9-f71a-f96f-a53403857690},Microsoft ACPI-Compliant System,00003f0c19562e09f213c6205449c5eeaf4270cc526a,acpi.inf_amd64_93fd8bdd92e92793,acpi.sys,06-21-2006,10.0.16299.309,acpi_hal,"acpi_hal\pnp0c08,*pnp0c08",acpi.inf,0,Microsoft,*pnp0c08,Microsoft ACPI-Compliant System,root\acpi_hal\0000,0,Microsoft,acpi,"\driver\acpi,\driver\acpi_hal"
bth/ms_bthbrb/7&d1cbea8&0&1,2018-04-06 07:23:10,,bluetooth,{e0cbf06c-cd8b-4647-bb8a-263b43f0f974},,{27db0821-3bf9-f71a-f96f-a53403857690},Microsoft Bluetooth Enumerator,0000273cc5ec5a1769ec3d58873e954591cd7ea6ecd9,bth.inf_amd64_ff350f14718af5a7,bthenum.sys,06-21-2006,10.0.16299.251,bth,bth\ms_bthbrb,bth.inf,0,Microsoft,bth\ms_bthbrb,Microsoft Bluetooth Enumerator,usb\vid_413c&pid_8197\28e347017777,0,Microsoft,bthenum,"\driver\bthenum,\driver\bthusb"
bth/ms_bthl2cap/7&d1cbea8&0&2,2018-04-06 07:23:10,,bluetooth,{e0cbf06c-cd8b-4647-bb8a-263b43f0f974},,{27db0821-3bf9-f71a-f96f-a53403857690},Microsoft Bluetooth Protocol Support Driver,00006ea7c5821da247721b8dc3666b439b3251cdbcd2,bthl2cap.inf_amd64_4a368e040ca87769,bthl2cap.sys,06-21-2006,10.0.16299.15,bth,bth\ms_bthl2cap,bthl2cap.inf,0,Microsoft,bth\ms_bthl2cap,Microsoft Bluetooth Protocol Support Driver,usb\vid_413c&pid_8197\28e347017777,0,Microsoft,bthl2cap,"\driver\bthl2cap,\driver\bthusb"
bth/ms_bthle/7&d1cbea8&0&0,2018-04-06 07:23:10,,bluetooth,{e0cbf06c-cd8b-4647-bb8a-263b43f0f974},,{27db0821-3bf9-f71a-f96f-a53403857690},Microsoft Bluetooth LE Enumerator,00009f3ab403ff10bd017aa513bd1526107ea5b0b62e,bthleenum.inf_amd64_33830f38244d4674,microsoft.bluetooth.legacy.leenumerator.sys,06-21-2006,10.0.16299.15,bth,bth\ms_bthle,bthleenum.inf,0,Microsoft,bth\ms_bthle,Microsoft Bluetooth LE Enumerator,usb\vid_413c&pid_8197\28e347017777,0,Microsoft,bthleenum,"\driver\bthleenum,\driver\bthusb"
bth/ms_bthpan/7&d1cbea8&0&3,2018-04-06 07:23:10,,net,{4d36e972-e325-11ce-bfc1-08002be10318},,{27db0821-3bf9-f71a-f96f-a53403857690},Bluetooth Device (Personal Area Network),000079e9a95831e993d687181218653ebed2d4571937,bthpan.inf_amd64_b76964376bcc6ad4,bthpan.sys,06-21-2006,10.0.16299.15,bth,bth\ms_bthpan,bthpan.inf,0,Microsoft,bth\ms_bthpan,Bluetooth Device (Personal Area Network),usb\vid_413c&pid_8197\28e347017777,0,Microsoft,bthpan,"\driver\bthpan,\driver\bthusb"
bth/ms_rfcomm/7&d1cbea8&0&0,2018-04-06 07:23:10,,net,{4d36e972-e325-11ce-bfc1-08002be10318},,{27db0821-3bf9-f71a-f96f-a53403857690},Bluetooth Device (RFCOMM Protocol TDI),0000f50d7cc6455244f516107e90243692f8bf353254,tdibth.inf_amd64_dbe21091e108eb78,rfcomm.sys,06-21-2006,10.0.16299.15,bth,bth\ms_rfcomm,tdibth.inf,0,Microsoft,bth\ms_rfcomm,Bluetooth Device (RFCOMM Protocol TDI),usb\vid_413c&pid_8197\28e347017777,0,Microsoft,rfcomm,"\driver\bthenum,\driver\rfcomm,\driver\bthusb"
display/sec5441/4&662196f&0&uid67568640,2018-04-06 07:23:10,Generic Monitor,monitor,{4d36e96e-e325-11ce-bfc1-08002be10318},*pnp09ff,{27db0821-3bf9-f71a-f96f-a53403857690},Generic PnP Monitor,0000a2cf94611439d0d04cb8d09bf6fa64c6e0e2c3e9,monitor.inf_amd64_ee131557baa4c85a,monitor.sys,06-21-2006,10.0.16299.251,display,monitor\sec5441,monitor.inf,0,(Standard monitor types),*pnp09ff,Generic PnP Monitor,pci\ven_8086&dev_0166&subsys_05341028&rev_09\3&11583659&0&10,0,Microsoft,monitor,"\driver\monitor,\driver\acpi,\driver\igfx"
hdaudio/func_01&ven_10de&dev_0014&subsys_10de0101&rev_1001/5&e992c3d&0&0001,2018-04-06 07:23:10,Audio Device on High Definition Audio Bus,media,{4d36e96c-e325-11ce-bfc1-08002be10318},"hdaudio\func_01&ctlr_ven_10de&ctlr_dev_0bea&ven_10de&dev_0014&rev_1001,hdaudio\func_01&ctlr_ven_10de&ven_10de&dev_0014&rev_1001,hdaudio\func_01&ven_10de&dev_0014&rev_1001,hdaudio\func_01&ctlr_ven_10de&ctlr_dev_0bea&ven_10de&dev_0014,hdaudio\func_01&ctlr_ven_10de&ven_10de&dev_0014,hdaudio\func_01&ven_10de&dev_0014,hdaudio\func_01&ctlr_ven_10de&ctlr_dev_0bea&ven_10de,hdaudio\func_01&ctlr_ven_10de&ven_10de,hdaudio\func_01&ven_10de,hdaudio\func_01&ctlr_ven_10de&ctlr_dev_0bea,hdaudio\func_01&ctlr_ven_10de,hdaudio\func_01&gf&ven_10de&dev_0014&subsys_10de0101&rev_1001,hdaudio\func_01",{27db0821-3bf9-f71a-f96f-a53403857690},NVIDIA High Definition Audio,000060a6b092bce14d9506622fd1a669505ea6b9e1b7,nvhda.inf_amd64_62ea605b81fc54cf,nvhda64v.sys,12-29-2016,1.3.34.17,hdaudio,"hdaudio\func_01&ven_10de&dev_0014&subsys_10de0101&rev_1001,hdaudio\func_01&ven_10de&dev_0014&subsys_10de0101",oem6.inf,0,NVIDIA,hdaudio\func_01&ven_10de&dev_0014&subsys_10de0101,NVIDIA High Definition Audio,pci\ven_10de&dev_0bea&subsys_15341028&rev_a1\4&9dc4fcd&0&0108,0,NVIDIA Corporation,nvhda,"\driver\ksthunk,\driver\nvhda,\driver\hdaudbus"
hdaudio/func_01&ven_10de&dev_0014&subsys_10de0101&rev_1001/5&e992c3d&0&0101,2018-04-06 07:23:10,Audio Device on High Definition Audio Bus,media,{4d36e96c-e325-11ce-bfc1-08002be10318},"hdaudio\func_01&ctlr_ven_10de&ctlr_dev_0bea&ven_10de&dev_0014&rev_1001,hdaudio\func_01&ctlr_ven_10de&ven_10de&dev_0014&rev_1001,hdaudio\func_01&ven_10de&dev_0014&rev_1001,hdaudio\func_01&ctlr_ven_10de&ctlr_dev_0bea&ven_10de&dev_0014,hdaudio\func_01&ctlr_ven_10de&ven_10de&dev_0014,hdaudio\func_01&ven_10de&dev_0014,hdaudio\func_01&ctlr_ven_10de&ctlr_dev_0bea&ven_10de,hdaudio\func_01&ctlr_ven_10de&ven_10de,hdaudio\func_01&ven_10de,hdaudio\func_01&ctlr_ven_10de&ctlr_dev_0bea,hdaudio\func_01&ctlr_ven_10de,hdaudio\func_01&gf&ven_10de&dev_0014&subsys_10de0101&rev_1001,hdaudio\func_01",{27db0821-3bf9-f71a-f96f-a53403857690},NVIDIA High Definition Audio,000060a6b092bce14d9506622fd1a669505ea6b9e1b7,nvhda.inf_amd64_62ea605b81fc54cf,nvhda64v.sys,12-29-2016,1.3.34.17,hdaudio,"hdaudio\func_01&ven_10de&dev_0014&subsys_10de0101&rev_1001,hdaudio\func_01&ven_10de&dev_0014&subsys_10de0101",oem6.inf,0,NVIDIA,hdaudio\func_01&ven_10de&dev_0014&subsys_10de0101,NVIDIA High Definition Audio,pci\ven_10de&dev_0bea&subsys_15341028&rev_a1\4&9dc4fcd&0&0108,0,NVIDIA Corporation,nvhda,"\driver\ksthunk,\driver\nvhda,\driver\hdaudbus"
hdaudio/func_01&ven_10de&dev_0014&subsys_10de0101&rev_1001/5&e992c3d&0&0201,2018-04-06 07:23:10,Audio Device on High Definition Audio Bus,media,{4d36e96c-e325-11ce-bfc1-08002be10318},"hdaudio\func_01&ctlr_ven_10de&ctlr_dev_0bea&ven_10de&dev_0014&rev_1001,hdaudio\func_01&ctlr_ven_10de&ven_10de&dev_0014&rev_1001,hdaudio\func_01&ven_10de&dev_0014&rev_1001,hdaudio\func_01&ctlr_ven_10de&ctlr_dev_0bea&ven_10de&dev_0014,hdaudio\func_01&ctlr_ven_10de&ven_10de&dev_0014,hdaudio\func_01&ven_10de&dev_0014,hdaudio\func_01&ctlr_ven_10de&ctlr_dev_0bea&ven_10de,hdaudio\func_01&ctlr_ven_10de&ven_10de,hdaudio\func_01&ven_10de,hdaudio\func_01&ctlr_ven_10de&ctlr_dev_0bea,hdaudio\func_01&ctlr_ven_10de,hdaudio\func_01&gf&ven_10de&dev_0014&subsys_10de0101&rev_1001,hdaudio\func_01",{27db0821-3bf9-f71a-f96f-a53403857690},NVIDIA High Definition Audio,000060a6b092bce14d9506622fd1a669505ea6b9e1b7,nvhda.inf_amd64_62ea605b81fc54cf,nvhda64v.sys,12-29-2016,1.3.34.17,hdaudio,"hdaudio\func_01&ven_10de&dev_0014&subsys_10de0101&rev_1001,hdaudio\func_01&ven_10de&dev_0014&subsys_10de0101",oem6.inf,0,NVIDIA,hdaudio\func_01&ven_10de&dev_0014&subsys_10de0101,NVIDIA High Definition Audio,pci\ven_10de&dev_0bea&subsys_15341028&rev_a1\4&9dc4fcd&0&0108,0,NVIDIA Corporation,nvhda,"\driver\ksthunk,\driver\nvhda,\driver\hdaudbus"
hdaudio/func_01&ven_10de&dev_0014&subsys_10de0101&rev_1001/5&e992c3d&0&0301,2018-04-06 07:23:10,Audio Device on High Definition Audio Bus,media,{4d36e96c-e325-11ce-bfc1-08002be10318},"hdaudio\func_01&ctlr_ven_10de&ctlr_dev_0bea&ven_10de&dev_0014&rev_1001,hdaudio\func_01&ctlr_ven_10de&ven_10de&dev_0014&rev_1001,hdaudio\func_01&ven_10de&dev_0014&rev_1001,hdaudio\func_01&ctlr_ven_10de&ctlr_dev_0bea&ven_10de&dev_0014,hdaudio\func_01&ctlr_ven_10de&ven_10de&dev_0014,hdaudio\func_01&ven_10de&dev_0014,hdaudio\func_01&ctlr_ven_10de&ctlr_dev_0bea&ven_10de,hdaudio\func_01&ctlr_ven_10de&ven_10de,hdaudio\func_01&ven_10de,hdaudio\func_01&ctlr_ven_10de&ctlr_dev_0bea,hdaudio\func_01&ctlr_ven_10de,hdaudio\func_01&gf&ven_10de&dev_0014&subsys_10de0101&rev_1001,hdaudio\func_01",{27db0821-3bf9-f71a-f96f-a53403857690},NVIDIA High Definition Audio,000060a6b092bce14d9506622fd1a669505ea6b9e1b7,nvhda.inf_amd64_62ea605b81fc54cf,nvhda64v.sys,12-29-2016,1.3.34.17,hdaudio,"hdaudio\func_01&ven_10de&dev_0014&subsys_10de0101&rev_1001,hdaudio\func_01&ven_10de&dev_0014&subsys_10de0101",oem6.inf,0,NVIDIA,hdaudio\func_01&ven_10de&dev_0014&subsys_10de0101,NVIDIA High Definition Audio,pci\ven_10de&dev_0bea&subsys_15341028&rev_a1\4&9dc4fcd&0&0108,0,NVIDIA Corporation,nvhda,"\driver\ksthunk,\driver\nvhda,\driver\hdaudbus"
hdaudio/func_01&ven_111d&dev_76df&subsys_10280534&rev_1002/4&1a5cb910&0&0001,2018-04-06 07:23:10,Audio Device on High Definition Audio Bus,media,{4d36e96c-e325-11ce-bfc1-08002be10318},"hdaudio\func_01&ctlr_ven_8086&ctlr_dev_1e20&ven_111d&dev_76df&rev_1002,hdaudio\func_01&ctlr_ven_8086&ven_111d&dev_76df&rev_1002,hdaudio\func_01&ven_111d&dev_76df&rev_1002,hdaudio\func_01&ctlr_ven_8086&ctlr_dev_1e20&ven_111d&dev_76df,hdaudio\func_01&ctlr_ven_8086&ven_111d&dev_76df,hdaudio\func_01&ven_111d&dev_76df,hdaudio\func_01&ctlr_ven_8086&ctlr_dev_1e20&ven_111d,hdaudio\func_01&ctlr_ven_8086&ven_111d,hdaudio\func_01&ven_111d,hdaudio\func_01&ctlr_ven_8086&ctlr_dev_1e20,hdaudio\func_01&ctlr_ven_8086,hdaudio\func_01&gf&ven_111d&dev_76df&subsys_10280534&rev_1002,hdaudio\func_01",{27db0821-3bf9-f71a-f96f-a53403857690},High Definition Audio Device,00000e868f4b10afe80eb4aa11306fef7400bdeef965,hdaudio.inf_amd64_a3a5c22dbc18ff26,hdaudio.sys,02-21-2018,10.0.16299.251,hdaudio,"hdaudio\func_01&ven_111d&dev_76df&subsys_10280534&rev_1002,hdaudio\func_01&ven_111d&dev_76df&subsys_10280534",hdaudio.inf,0,Microsoft,hdaudio\func_01,High Definition Audio Device,pci\ven_8086&dev_1e20&subsys_05341028&rev_04\3&11583659&0&d8,0,Microsoft,hdaudaddservice,"\driver\ksthunk,\driver\hdaudaddservice,\driver\hdaudbus"
hid/dellabce/3&14ed0212&0&0000,2018-04-06 07:23:10,,hidclass,{745a17a0-74d3-11d0-b6fe-00a0c90f57da},,{27db0821-3bf9-f71a-f96f-a53403857690},Airplane Mode Switch Collection,,dellrbtn.inf_amd64_f97e65ab5ad63c31,,10-26-2016,17.38.40.165,hid,"hid\ven_dell&dev_abce,hid\dellabce,hid\*dellabce,hid\vid_413c&up:0001_u:000c,hid_device_up:0001_u:000c,hid_device",oem2.inf,0,Dell Inc,hid\ven_dell&dev_abce,Airplane Mode Switch Collection,acpi\dellabce\2&daba3ff&0,0,Dell Inc,,\driver\mshidkmdf
lptenum/microsoftrawport/5&14eb97bd&0&lpt1,2018-04-06 07:23:10,Microsoft RawPort,system,{4d36e97d-e325-11ce-bfc1-08002be10318},,{27db0821-3bf9-f71a-f96f-a53403857690},Printer Port Logical Interface,,machine.inf_amd64_2e357051cb5d7b68,,06-21-2006,10.0.16299.309,lptenum,"lptenum\microsoftrawport958a,microsoftrawport958a",machine.inf,0,(Standard system devices),lptenum\microsoftrawport958a,Printer Port Logical Interface,acpi\pnp0401\5,0,Microsoft,,\driver\parport
pci/ven_10de&dev_0bea&subsys_15341028&rev_a1/4&9dc4fcd&0&0108,2018-04-06 07:23:10,PCI Device,system,{4d36e97d-e325-11ce-bfc1-08002be10318},"pci\ven_10de&dev_0bea&rev_a1,pci\ven_10de&dev_0bea,pci\ven_10de&cc_040300,pci\ven_10de&cc_0403,pci\ven_10de,pci\cc_040300,pci\cc_0403",{27db0821-3bf9-f71a-f96f-a53403857690},High Definition Audio Controller,00005c9b6c929e50974285e37f5214fc6c6768ec98a0,hdaudbus.inf_amd64_c824b7245cdde54c,hdaudbus.sys,09-28-2017,10.0.16299.15,pci,"pci\ven_10de&dev_0bea&subsys_15341028&rev_a1,pci\ven_10de&dev_0bea&subsys_15341028,pci\ven_10de&dev_0bea&cc_040300,pci\ven_10de&dev_0bea&cc_0403",hdaudbus.inf,0,Microsoft,pci\cc_0403,High Definition Audio Controller,pci\ven_8086&dev_0151&subsys_05341028&rev_09\3&11583659&0&08,0,Microsoft,hdaudbus,"\driver\hdaudbus,\driver\pci"
pci/ven_10de&dev_0dfc&subsys_15341028&rev_a1/4&9dc4fcd&0&0008,2018-04-06 07:23:10,Video Controller (VGA Compatible),display,{4d36e968-e325-11ce-bfc1-08002be10318},"pci\ven_10de&dev_0dfc&rev_a1,pci\ven_10de&dev_0dfc,pci\ven_10de&cc_030000,pci\ven_10de&cc_0300,pci\ven_10de,pci\cc_030000,pci\cc_0300",{27db0821-3bf9-f71a-f96f-a53403857690},NVIDIA NVS 5200M,00004493ce0f1051dc1a37bcad868294dbf5b7694157,nvdm.inf_amd64_72f356f138a86324,nvlddmkm.sys,12-29-2016,21.21.13.7654,pci,"pci\ven_10de&dev_0dfc&subsys_15341028&rev_a1,pci\ven_10de&dev_0dfc&subsys_15341028,pci\ven_10de&dev_0dfc&cc_030000,pci\ven_10de&dev_0dfc&cc_0300",oem4.inf,0,NVIDIA,pci\ven_10de&dev_0dfc&subsys_15341028,NVIDIA NVS 5200M,pci\ven_8086&dev_0151&subsys_05341028&rev_09\3&11583659&0&08,0,NVIDIA,nvlddmkm,"\driver\nvlddmkm,\driver\acpi,\driver\pci"
pci/ven_1217&dev_8221&subsys_05341028&rev_05/4&2f809fba&0&00e5,2018-04-06 07:23:10,SD Host Controller,sdhost,{a0a588a4-c46f-4b37-b7ea-c82fe89870c6},"pci\ven_1217&dev_8221&rev_05,pci\ven_1217&dev_8221,pci\ven_1217&cc_080501,pci\ven_1217&cc_0805,pci\ven_1217,pci\cc_080501,pci\cc_0805",{27db0821-3bf9-f71a-f96f-a53403857690},SDA Standard Compliant SD Host Controller,0000031e3a45bff215edce3f0b76c1810be06a720b65,sdbus.inf_amd64_46711c4deb38c408,sdbus.sys,06-21-2006,10.0.16299.251,pci,"pci\ven_1217&dev_8221&subsys_05341028&rev_05,pci\ven_1217&dev_8221&subsys_05341028,pci\ven_1217&dev_8221&cc_080501,pci\ven_1217&dev_8221&cc_0805",sdbus.inf,0,SDA Standard Compliant SD Host Controller Vendor,pci\cc_080501,SDA Standard Compliant SD Host Controller,pci\ven_8086&dev_1e1a&subsys_05341028&rev_c4\3&11583659&0&e5,0,Microsoft,sdbus,"\driver\sdbus,\driver\acpi,\driver\pci"
pci/ven_14e4&dev_4727&subsys_00151028&rev_01/4&752ea02&0&00e1,2018-04-06 07:23:10,Network Controller,net,{4d36e972-e325-11ce-bfc1-08002be10318},"pci\ven_14e4&dev_4727&rev_01,pci\ven_14e4&dev_4727,pci\ven_14e4&cc_028000,pci\ven_14e4&cc_0280,pci\ven_14e4,pci\cc_028000,pci\cc_0280",{27db0821-3bf9-f71a-f96f-a53403857690},Broadcom 802.11n Network Adapter,0000e8bd3e75168e54bcba3cdc89845722c3dcaf0cee,netbc64.inf_amd64_b96cdf411c43c00c,bcmwl63a.sys,06-02-2013,6.30.223.256,pci,"pci\ven_14e4&dev_4727&subsys_00151028&rev_01,pci\ven_14e4&dev_4727&subsys_00151028,pci\ven_14e4&dev_4727&cc_028000,pci\ven_14e4&dev_4727&cc_0280",netbc64.inf,0,Broadcom,pci\ven_14e4&dev_4727,Broadcom 802.11n Network Adapter,pci\ven_8086&dev_1e12&subsys_05341028&rev_c4\3&11583659&0&e1,0,Microsoft,bcm43xx,"\driver\vwifibus,\driver\bcm43xx,\driver\acpi,\driver\pci"
pci/ven_8086&dev_0151&subsys_05341028&rev_09/3&11583659&0&08,2018-04-06 07:23:10,PCI to PCI Bridge,system,{4d36e97d-e325-11ce-bfc1-08002be10318},"pci\ven_8086&dev_0151&rev_09,pci\ven_8086&dev_0151,pci\ven_8086&cc_060400,pci\ven_8086&cc_0604,pci\ven_8086,pci\cc_060400,pci\cc_0604",{27db0821-3bf9-f71a-f96f-a53403857690},PCI-to-PCI Bridge,00005d6b1a959a52a8b75ee8a112595637504b20b68b,pci.inf_amd64_8f44c165eaa393ea,pci.sys,06-21-2006,10.0.16299.251,pci,"pci\ven_8086&dev_0151&subsys_05341028&rev_09,pci\ven_8086&dev_0151&subsys_05341028,pci\ven_8086&dev_0151&cc_060400,pci\ven_8086&dev_0151&cc_0604",pci.inf,0,(Standard system devices),pci\cc_0604,PCI-to-PCI Bridge,acpi\pnp0a08\0,0,Microsoft,pci,"\driver\nvpciflt,\driver\pci,\driver\acpi,\driver\pci"
pci/ven_8086&dev_0154&subsys_05341028&rev_09/3&11583659&0&00,2018-04-06 07:23:10,PCI HOST Bridge,system,{4d36e97d-e325-11ce-bfc1-08002be10318},"pci\ven_8086&dev_0154&rev_09,pci\ven_8086&dev_0154,pci\ven_8086&cc_060000,pci\ven_8086&cc_0600,pci\ven_8086,pci\cc_060000,pci\cc_0600",{27db0821-3bf9-f71a-f96f-a53403857690},Memory Controller,,machine.inf_amd64_2e357051cb5d7b68,,06-21-2006,10.0.16299.309,pci,"pci\ven_8086&dev_0154&subsys_05341028&rev_09,pci\ven_8086&dev_0154&subsys_05341028,pci\ven_8086&dev_0154&cc_060000,pci\ven_8086&dev_0154&cc_0600",machine.inf,0,Intel,pci\ven_8086&dev_0154,Memory Controller,acpi\pnp0a08\0,0,Microsoft,,\driver\pci
pci/ven_8086&dev_0166&subsys_05341028&rev_09/3&11583659&0&10,2018-04-06 07:23:10,Video Controller (VGA Compatible),display,{4d36e968-e325-11ce-bfc1-08002be10318},"pci\ven_8086&dev_0166&rev_09,pci\ven_8086&dev_0166,pci\ven_8086&cc_030000,pci\ven_8086&cc_0300,pci\ven_8086,pci\cc_030000,pci\cc_0300",{27db0821-3bf9-f71a-f96f-a53403857690},Intel(R) HD Graphics 4000,00004e7ee2ee8c747f614af10f4e29377ab9d87d5c34,igdlh64.inf_amd64_5f8dc4eab6fcd2f0,igdkmd64.sys,07-10-2015,10.18.10.4252,pci,"pci\ven_8086&dev_0166&subsys_05341028&rev_09,pci\ven_8086&dev_0166&subsys_05341028,pci\ven_8086&dev_0166&cc_030000,pci\ven_8086&dev_0166&cc_0300",oem9.inf,0,Intel Corporation,pci\ven_8086&dev_0166,Intel(R) HD Graphics 4000,acpi\pnp0a08\0,0,Intel Corporation,igfx,"\driver\igfx,\driver\acpi,\driver\acpi,\driver\pci"
pci/ven_8086&dev_1502&subsys_05341028&rev_04/3&11583659&0&c8,2018-04-06 07:23:10,Ethernet Controller,net,{4d36e972-e325-11ce-bfc1-08002be10318},"pci\ven_8086&dev_1502&rev_04,pci\ven_8086&dev_1502,pci\ven_8086&cc_020000,pci\ven_8086&cc_0200,pci\ven_8086,pci\cc_020000,pci\cc_0200",{27db0821-3bf9-f71a-f96f-a53403857690},Intel(R) 82579LM Gigabit Network Connection,0000e4a80a53ef2410555aa2325915d4c0340bc71101,net1ic64.inf_amd64_6d54118cb65f3bfe,e1i63x64.sys,04-05-2016,12.15.22.6,pci,"pci\ven_8086&dev_1502&subsys_05341028&rev_04,pci\ven_8086&dev_1502&subsys_05341028,pci\ven_8086&dev_1502&cc_020000,pci\ven_8086&dev_1502&cc_0200",net1ic64.inf,0,Intel Corporation,pci\ven_8086&dev_1502,Intel(R) 82579LM Gigabit Network Connection,acpi\pnp0a08\0,0,Microsoft,e1iexpress,"\driver\e1iexpress,\driver\acpi,\driver\pci"
pci/ven_8086&dev_1e10&subsys_05341028&rev_c4/3&11583659&0&e0,2018-04-06 07:23:10,PCI to PCI Bridge,system,{4d36e97d-e325-11ce-bfc1-08002be10318},"pci\ven_8086&dev_1e10&rev_c4,pci\ven_8086&dev_1e10,pci\ven_8086&cc_060400,pci\ven_8086&cc_0604,pci\ven_8086,pci\cc_060400,pci\cc_0604",{27db0821-3bf9-f71a-f96f-a53403857690},PCI-to-PCI Bridge,00005d6b1a959a52a8b75ee8a112595637504b20b68b,pci.inf_amd64_8f44c165eaa393ea,pci.sys,06-21-2006,10.0.16299.251,pci,"pci\ven_8086&dev_1e10&subsys_05341028&rev_c4,pci\ven_8086&dev_1e10&subsys_05341028,pci\ven_8086&dev_1e10&cc_060400,pci\ven_8086&dev_1e10&cc_0604",pci.inf,0,(Standard system devices),pci\cc_0604,PCI-to-PCI Bridge,acpi\pnp0a08\0,0,Microsoft,pci,"\driver\pci,\driver\acpi,\driver\pci"
pci/ven_8086&dev_1e12&subsys_05341028&rev_c4/3&11583659&0&e1,2018-04-06 07:23:10,PCI to PCI Bridge,system,{4d36e97d-e325-11ce-bfc1-08002be10318},"pci\ven_8086&dev_1e12&rev_c4,pci\ven_8086&dev_1e12,pci\ven_8086&cc_060400,pci\ven_8086&cc_0604,pci\ven_8086,pci\cc_060400,pci\cc_0604",{27db0821-3bf9-f71a-f96f-a53403857690},PCI-to-PCI Bridge,00005d6b1a959a52a8b75ee8a112595637504b20b68b,pci.inf_amd64_8f44c165eaa393ea,pci.sys,06-21-2006,10.0.16299.251,pci,"pci\ven_8086&dev_1e12&subsys_05341028&rev_c4,pci\ven_8086&dev_1e12&subsys_05341028,pci\ven_8086&dev_1e12&cc_060400,pci\ven_8086&dev_1e12&cc_0604",pci.inf,0,(Standard system devices),pci\cc_0604,PCI-to-PCI Bridge,acpi\pnp0a08\0,0,Microsoft,pci,"\driver\pci,\driver\acpi,\driver\pci"
pci/ven_8086&dev_1e14&subsys_05341028&rev_c4/3&11583659&0&e2,2018-04-06 07:23:10,PCI to PCI Bridge,system,{4d36e97d-e325-11ce-bfc1-08002be10318},"pci\ven_8086&dev_1e14&rev_c4,pci\ven_8086&dev_1e14,pci\ven_8086&cc_060400,pci\ven_8086&cc_0604,pci\ven_8086,pci\cc_060400,pci\cc_0604",{27db0821-3bf9-f71a-f96f-a53403857690},PCI-to-PCI Bridge,00005d6b1a959a52a8b75ee8a112595637504b20b68b,pci.inf_amd64_8f44c165eaa393ea,pci.sys,06-21-2006,10.0.16299.251,pci,"pci\ven_8086&dev_1e14&subsys_05341028&rev_c4,pci\ven_8086&dev_1e14&subsys_05341028,pci\ven_8086&dev_1e14&cc_060400,pci\ven_8086&dev_1e14&cc_0604",pci.inf,0,(Standard system devices),pci\cc_0604,PCI-to-PCI Bridge,acpi\pnp0a08\0,0,Microsoft,pci,"\driver\pci,\driver\acpi,\driver\pci"
pci/ven_8086&dev_1e16&subsys_05341028&rev_c4/3&11583659&0&e3,2018-04-06 07:23:10,PCI to PCI Bridge,system,{4d36e97d-e325-11ce-bfc1-08002be10318},"pci\ven_8086&dev_1e16&rev_c4,pci\ven_8086&dev_1e16,pci\ven_8086&cc_060400,pci\ven_8086&cc_0604,pci\ven_8086,pci\cc_060400,pci\cc_0604",{27db0821-3bf9-f71a-f96f-a53403857690},PCI-to-PCI Bridge,00005d6b1a959a52a8b75ee8a112595637504b20b68b,pci.inf_amd64_8f44c165eaa393ea,pci.sys,06-21-2006,10.0.16299.251,pci,"pci\ven_8086&dev_1e16&subsys_05341028&rev_c4,pci\ven_8086&dev_1e16&subsys_05341028,pci\ven_8086&dev_1e16&cc_060400,pci\ven_8086&dev_1e16&cc_0604",pci.inf,0,(Standard system devices),pci\cc_0604,PCI-to-PCI Bridge,acpi\pnp0a08\0,0,Microsoft,pci,"\driver\pci,\driver\acpi,\driver\pci"
pci/ven_8086&dev_1e1a&subsys_05341028&rev_c4/3&11583659&0&e5,2018-04-06 07:23:10,PCI to PCI Bridge,system,{4d36e97d-e325-11ce-bfc1-08002be10318},"pci\ven_8086&dev_1e1a&rev_c4,pci\ven_8086&dev_1e1a,pci\ven_8086&cc_060400,pci\ven_8086&cc_0604,pci\ven_8086,pci\cc_060400,pci\cc_0604",{27db0821-3bf9-f71a-f96f-a53403857690},PCI-to-PCI Bridge,00005d6b1a959a52a8b75ee8a112595637504b20b68b,pci.inf_amd64_8f44c165eaa393ea,pci.sys,06-21-2006,10.0.16299.251,pci,"pci\ven_8086&dev_1e1a&subsys_05341028&rev_c4,pci\ven_8086&dev_1e1a&subsys_05341028,pci\ven_8086&dev_1e1a&cc_060400,pci\ven_8086&dev_1e1a&cc_0604",pci.inf,0,(Standard system devices),pci\cc_0604,PCI-to-PCI Bridge,acpi\pnp0a08\0,0,Microsoft,pci,"\driver\pci,\driver\acpi,\driver\pci"
pci/ven_8086&dev_1e20&subsys_05341028&rev_04/3&11583659&0&d8,2018-04-06 07:23:10,PCI Device,system,{4d36e97d-e325-11ce-bfc1-08002be10318},"pci\ven_8086&dev_1e20&rev_04,pci\ven_8086&dev_1e20,pci\ven_8086&cc_040300,pci\ven_8086&cc_0403,pci\ven_8086,pci\cc_040300,pci\cc_0403",{27db0821-3bf9-f71a-f96f-a53403857690},High Definition Audio Controller,00005c9b6c929e50974285e37f5214fc6c6768ec98a0,hdaudbus.inf_amd64_c824b7245cdde54c,hdaudbus.sys,09-28-2017,10.0.16299.15,pci,"pci\ven_8086&dev_1e20&subsys_05341028&rev_04,pci\ven_8086&dev_1e20&subsys_05341028,pci\ven_8086&dev_1e20&cc_040300,pci\ven_8086&dev_1e20&cc_0403",hdaudbus.inf,0,Microsoft,pci\cc_0403,High Definition Audio Controller,acpi\pnp0a08\0,0,Microsoft,hdaudbus,"\driver\hdaudbus,\driver\acpi,\driver\pci"
pci/ven_8086&dev_1e22&subsys_05341028&rev_04/3&11583659&0&fb,2018-04-06 07:23:10,SM Bus Controller,system,{4d36e97d-e325-11ce-bfc1-08002be10318},"pci\ven_8086&dev_1e22&rev_04,pci\ven_8086&dev_1e22,pci\ven_8086&cc_0c0500,pci\ven_8086&cc_0c05,pci\ven_8086,pci\cc_0c0500,pci\cc_0c05",{27db0821-3bf9-f71a-f96f-a53403857690},SM Bus Controller,,machine.inf_amd64_2e357051cb5d7b68,,06-21-2006,10.0.16299.309,pci,"pci\ven_8086&dev_1e22&subsys_05341028&rev_04,pci\ven_8086&dev_1e22&subsys_05341028,pci\ven_8086&dev_1e22&cc_0c0500,pci\ven_8086&dev_1e22&cc_0c05",machine.inf,0,Intel,pci\ven_8086&dev_1e22,SM Bus Controller,acpi\pnp0a08\0,0,Microsoft,,"\driver\acpi,\driver\pci"
pci/ven_8086&dev_1e26&subsys_05341028&rev_04/3&11583659&0&e8,2018-04-06 07:23:10,Universal Serial Bus (USB) Controller,usb,{36fc9e60-c465-11cf-8056-444553540000},"pci\ven_8086&dev_1e26&rev_04,pci\ven_8086&dev_1e26,pci\ven_8086&cc_0c0320,pci\ven_8086&cc_0c03,pci\ven_8086,pci\cc_0c0320,pci\cc_0c03",{27db0821-3bf9-f71a-f96f-a53403857690},Intel(R) 7 Series/C216 Chipset Family USB Enhanced Host Controller - 1E26,000025de807ff92c1661cadaaa24ab71db1a731ec8ce,usbport.inf_amd64_2c3800647ea6795b,usbehci.sys,06-21-2006,10.0.16299.15,pci,"pci\ven_8086&dev_1e26&subsys_05341028&rev_04,pci\ven_8086&dev_1e26&subsys_05341028,pci\ven_8086&dev_1e26&cc_0c0320,pci\ven_8086&dev_1e26&cc_0c03",usbport.inf,0,Intel,pci\ven_8086&dev_1e26,Intel(R) 7 Series/C216 Chipset Family USB Enhanced Host Controller - 1E26,acpi\pnp0a08\0,0,Microsoft,usbehci,"\driver\usbehci,\driver\acpi,\driver\pci"
pci/ven_8086&dev_1e2d&subsys_05341028&rev_04/3&11583659&0&d0,2018-04-06 07:23:10,Universal Serial Bus (USB) Controller,usb,{36fc9e60-c465-11cf-8056-444553540000},"pci\ven_8086&dev_1e2d&rev_04,pci\ven_8086&dev_1e2d,pci\ven_8086&cc_0c0320,pci\ven_8086&cc_0c03,pci\ven_8086,pci\cc_0c0320,pci\cc_0c03",{27db0821-3bf9-f71a-f96f-a53403857690},Intel(R) 7 Series/C216 Chipset Family USB Enhanced Host Controller - 1E2D,000025de807ff92c1661cadaaa24ab71db1a731ec8ce,usbport.inf_amd64_2c3800647ea6795b,usbehci.sys,06-21-2006,10.0.16299.15,pci,"pci\ven_8086&dev_1e2d&subsys_05341028&rev_04,pci\ven_8086&dev_1e2d&subsys_05341028,pci\ven_8086&dev_1e2d&cc_0c0320,pci\ven_8086&dev_1e2d&cc_0c03",usbport.inf,0,Intel,pci\ven_8086&dev_1e2d,Intel(R) 7 Series/C216 Chipset Family USB Enhanced Host Controller - 1E2D,acpi\pnp0a08\0,0,Microsoft,usbehci,"\driver\usbehci,\driver\acpi,\driver\pci"
pci/ven_8086&dev_1e31&subsys_05341028&rev_04/3&11583659&0&a0,2018-04-06 07:23:10,Universal Serial Bus (USB) Controller,usb,{36fc9e60-c465-11cf-8056-444553540000},"pci\ven_8086&dev_1e31&rev_04,pci\ven_8086&dev_1e31,pci\ven_8086&cc_0c0330,pci\ven_8086&cc_0c03,pci\ven_8086,pci\cc_0c0330,pci\cc_0c03",{27db0821-3bf9-f71a-f96f-a53403857690},Intel(R) USB 3.0 eXtensible Host Controller - 1.0 (Microsoft),000085d7bc7d0df225d1f5927835d780c07ce70f7190,usbxhci.inf_amd64_cb16a86b142fdfb6,usbxhci.sys,02-21-2018,10.0.16299.251,pci,"pci\ven_8086&dev_1e31&subsys_05341028&rev_04,pci\ven_8086&dev_1e31&subsys_05341028,pci\ven_8086&dev_1e31&cc_0c0330,pci\ven_8086&dev_1e31&cc_0c03",usbxhci.inf,0,Generic USB xHCI Host Controller,pci\cc_0c0330,USB xHCI Compliant Host Controller,acpi\pnp0a08\0,0,Microsoft,usbxhci,"\driver\usbxhci,\driver\acpi,\driver\pci"
pci/ven_8086&dev_1e3a&subsys_05341028&rev_04/3&11583659&0&b0,2018-04-06 07:23:10,PCI Simple Communications Controller,system,{4d36e97d-e325-11ce-bfc1-08002be10318},"pci\ven_8086&dev_1e3a&rev_04,pci\ven_8086&dev_1e3a,pci\ven_8086&cc_078000,pci\ven_8086&cc_0780,pci\ven_8086,pci\cc_078000,pci\cc_0780",{27db0821-3bf9-f71a-f96f-a53403857690},"Intel(R) Management Engine Interface ",00008ae9ab266e6d0cc8eb9f7d2f642e9e790a6ed7b8,heci.inf_amd64_b029e08ef3dd5b21,teedriverw8x64.sys,03-28-2016,11.0.5.1189,pci,"pci\ven_8086&dev_1e3a&subsys_05341028&rev_04,pci\ven_8086&dev_1e3a&subsys_05341028,pci\ven_8086&dev_1e3a&cc_078000,pci\ven_8086&dev_1e3a&cc_0780",oem7.inf,0,Intel,pci\ven_8086&dev_1e3a,"Intel(R) Management Engine Interface ",acpi\pnp0a08\0,0,Intel,meix64,"\driver\meix64,\driver\pci"
pci/ven_8086&dev_1e55&subsys_05341028&rev_04/3&11583659&0&f8,2018-04-06 07:23:10,PCI to ISA Bridge,system,{4d36e97d-e325-11ce-bfc1-08002be10318},"pci\ven_8086&dev_1e55&rev_04,pci\ven_8086&dev_1e55,pci\ven_8086&cc_060100,pci\ven_8086&cc_0601,pci\ven_8086,pci\cc_060100,pci\cc_0601",{27db0821-3bf9-f71a-f96f-a53403857690},LPC Controller,00008967147ba2bbec66c2baa9dd9d7df2c905de7be9,machine.inf_amd64_2e357051cb5d7b68,msisadrv.sys,06-21-2006,10.0.16299.309,pci,"pci\ven_8086&dev_1e55&subsys_05341028&rev_04,pci\ven_8086&dev_1e55&subsys_05341028,pci\ven_8086&dev_1e55&cc_060100,pci\ven_8086&dev_1e55&cc_0601",machine.inf,0,Intel,pci\ven_8086&dev_1e55,LPC Controller,acpi\pnp0a08\0,0,Microsoft,msisadrv,"\driver\msisadrv,\driver\acpi,\driver\pci"
pci/ven_8086&dev_282a&subsys_05341028&rev_04/3&11583659&0&fa,2018-04-06 07:23:10,RAID Controller,scsiadapter,{4d36e97b-e325-11ce-bfc1-08002be10318},"pci\ven_8086&dev_282a&rev_04,pci\ven_8086&dev_282a,pci\ven_8086&cc_010400,pci\ven_8086&cc_0104,pci\ven_8086,pci\cc_010400,pci\cc_0104",{27db0821-3bf9-f71a-f96f-a53403857690},Intel(R) Mobile Express Chipset SATA RAID Controller,000046399e9587b43a2d2b8c7f64352bb959786ed335,iastorav.inf_amd64_524dc9c0d6d9b91d,iastorav.sys,02-22-2017,13.44.0.1026,pci,"pci\ven_8086&dev_282a&subsys_05341028&rev_04,pci\ven_8086&dev_282a&subsys_05341028,pci\ven_8086&dev_282a&cc_010400,pci\ven_8086&dev_282a&cc_0104",iastorav.inf,0,Intel Corporation,pci\ven_8086&dev_282a&cc_0104,Intel(R) Mobile Express Chipset SATA RAID Controller,acpi\pnp0a08\0,0,Intel Corporation,iastorav,"\driver\iastorav,\driver\acpi,\driver\pci"
root/acpi_hal/0000,2018-04-06 07:23:10,,computer,{4d36e966-e325-11ce-bfc1-08002be10318},"detectedinternal\acpi_hal,detected\acpi_hal",{27db0821-3bf9-f71a-f96f-a53403857690},ACPI x64-based PC,,hal.inf_amd64_a42d98dace7e2eac,,06-21-2006,10.0.16299.15,root,acpiapic,hal.inf,0,(Standard computers),acpiapic,ACPI x64-based PC,htree\root\0,0,Microsoft,\driver\acpi_hal,"\driver\acpi_hal,\driver\pnpmanager"
root/basicdisplay/0000,2018-04-06 07:23:10,,system,{4d36e97d-e325-11ce-bfc1-08002be10318},,{27db0821-3bf9-f71a-f96f-a53403857690},Microsoft Basic Display Driver,0000ebffd2edbd7b7b51f1f263ad945ea19fe00a81e1,basicdisplay.inf_amd64_1b4789d517787cf0,basicdisplay.sys,06-21-2006,10.0.16299.15,root,root\basicdisplay,basicdisplay.inf,0,(Standard display types),root\basicdisplay,Microsoft Basic Display Driver,htree\root\0,0,Microsoft,basicdisplay,"\driver\basicdisplay,\driver\pnpmanager"
root/basicrender/0000,2018-04-06 07:23:10,,system,{4d36e97d-e325-11ce-bfc1-08002be10318},,{27db0821-3bf9-f71a-f96f-a53403857690},Microsoft Basic Render Driver,000086a01660747f012e87fefb2877570486c3bcc72e,basicrender.inf_amd64_5ff25d3633c9e6c7,basicrender.sys,06-21-2006,10.0.16299.309,root,root\basicrender,basicrender.inf,0,Microsoft,root\basicrender,Microsoft Basic Render Driver,htree\root\0,0,Microsoft,basicrender,"\driver\basicrender,\driver\pnpmanager"
root/cad/0000,2018-04-06 07:23:10,,system,{4d36e97d-e325-11ce-bfc1-08002be10318},,{27db0821-3bf9-f71a-f96f-a53403857690},Charge Arbitration Driver,0000fdf53c761949da31c55684d286d3540e51cfa949,chargearbitration.inf_amd64_470a7a445f71ac89,cad.sys,06-21-2006,10.0.16299.15,root,root\cad,chargearbitration.inf,0,(Standard system devices),root\cad,Charge Arbitration Driver,htree\root\0,0,Microsoft,cad,"\driver\cad,\driver\pnpmanager"
root/compositebus/0000,2018-04-06 07:23:10,,system,{4d36e97d-e325-11ce-bfc1-08002be10318},,{27db0821-3bf9-f71a-f96f-a53403857690},Composite Bus Enumerator,000040490e159c0bbaff252b9855940007d13c6499f2,compositebus.inf_amd64_9c1fb8f4db31c348,compositebus.sys,06-21-2006,10.0.16299.15,root,root\compositebus,compositebus.inf,0,Microsoft,root\compositebus,Composite Bus Enumerator,htree\root\0,0,Microsoft,compositebus,"\driver\compositebus,\driver\pnpmanager"
root/kdnic/0000,2018-04-06 07:23:10,,net,{4d36e972-e325-11ce-bfc1-08002be10318},,{27db0821-3bf9-f71a-f96f-a53403857690},Microsoft Kernel Debug Network Adapter,0000c65fd343fc0c70139c6fbe63db9a52e67bd74798,kdnic.inf_amd64_b27556bf33d9a415,kdnic.sys,06-21-2006,10.0.16299.15,root,root\kdnic,kdnic.inf,0,Microsoft,root\kdnic,Microsoft Kernel Debug Network Adapter,htree\root\0,0,Microsoft,kdnic,"\driver\kdnic,\driver\pnpmanager"
root/mssmbios/0000,2018-04-06 07:23:10,,system,{4d36e97d-e325-11ce-bfc1-08002be10318},,{27db0821-3bf9-f71a-f96f-a53403857690},Microsoft System Management BIOS Driver,00001e0939978988a522413f8f2220616588fad81638,mssmbios.inf_amd64_96757cb836a92701,mssmbios.sys,06-21-2006,10.0.16299.15,root,root\mssmbios,mssmbios.inf,0,(Standard system devices),root\mssmbios,Microsoft System Management BIOS Driver,htree\root\0,0,Microsoft,mssmbios,"\driver\mssmbios,\driver\pnpmanager"
root/ndisvirtualbus/0000,2018-04-06 07:23:10,,system,{4d36e97d-e325-11ce-bfc1-08002be10318},,{27db0821-3bf9-f71a-f96f-a53403857690},NDIS Virtual Network Adapter Enumerator,00009c18f485a233432cbf84862dc8fee0defed6e4e5,ndisvirtualbus.inf_amd64_8fe40dc048584e0a,ndisvirtualbus.sys,06-21-2006,10.0.16299.15,root,root\ndisvirtualbus,ndisvirtualbus.inf,0,Microsoft,root\ndisvirtualbus,NDIS Virtual Network Adapter Enumerator,htree\root\0,0,Microsoft,ndisvirtualbus,"\driver\ndisvirtualbus,\driver\pnpmanager"
root/rdpbus/0000,2018-04-06 07:23:10,,system,{4d36e97d-e325-11ce-bfc1-08002be10318},,{27db0821-3bf9-f71a-f96f-a53403857690},Remote Desktop Device Redirector Bus,0000c1b531bfc35bc6eaf9dae9a21c9fb4c28a5bdf56,rdpbus.inf_amd64_3ad14e97e7dd0d46,rdpbus.sys,06-21-2006,10.0.16299.251,root,root\rdpbus,rdpbus.inf,0,Microsoft,root\rdpbus,Remote Desktop Device Redirector Bus,htree\root\0,0,Microsoft,rdpbus,"\driver\rdpbus,\driver\pnpmanager"
root/spaceport/0000,2018-04-06 07:23:10,,scsiadapter,{4d36e97b-e325-11ce-bfc1-08002be10318},"detectedinternal\spaceport,detected\spaceport",{27db0821-3bf9-f71a-f96f-a53403857690},Microsoft Storage Spaces Controller,0000c83a52b68d0e7fca4e2dce6ac030cc5cc4439fc0,spaceport.inf_amd64_2a076fd73de98d49,spaceport.sys,06-21-2006,10.0.16299.251,root,root\spaceport,spaceport.inf,0,Microsoft,root\spaceport,Microsoft Storage Spaces Controller,htree\root\0,0,Microsoft,spaceport,"\driver\spaceport,\driver\pnpmanager"
root/system/0000,2018-04-06 07:23:10,,system,{4d36e97d-e325-11ce-bfc1-08002be10318},,{27db0821-3bf9-f71a-f96f-a53403857690},Plug and Play Software Device Enumerator,000028218e3fad75b5f6b1e306d206f7a5c40c5f21c1,swenum.inf_amd64_4836a01b9b7c36bc,swenum.sys,09-28-2017,10.0.16299.15,root,root\swenum,swenum.inf,0,(Standard system devices),root\swenum,Plug and Play Software Device Enumerator,htree\root\0,0,Microsoft,swenum,"\driver\swenum,\driver\pnpmanager"
root/system/0001,2018-04-06 07:23:10,,system,{4d36e97d-e325-11ce-bfc1-08002be10318},,{27db0821-3bf9-f71a-f96f-a53403857690},IWD Bus Enumerator,0000a538bda85c62c935cc24723eccd3e2f6db8aae1e,iwdbus.inf_amd64_2174cb4f0f69d5e4,iwdbus.sys,06-08-2015,4.5.61.0,root,root\iwdbus,oem11.inf,0,(Standard system devices),root\iwdbus,IWD Bus Enumerator,htree\root\0,0,Intel Corporation,iwdbus,"\driver\iwdbus,\driver\pnpmanager"
root/umbus/0000,2018-04-06 07:23:10,,system,{4d36e97d-e325-11ce-bfc1-08002be10318},,{27db0821-3bf9-f71a-f96f-a53403857690},UMBus Root Bus Enumerator,00004980b479f6ead7787b4d28edd310f53043c6b463,umbus.inf_amd64_70c8a9a2a8f717d9,umbus.sys,06-21-2006,10.0.16299.15,root,root\umbus,umbus.inf,0,Microsoft,root\umbus,UMBus Root Bus Enumerator,htree\root\0,0,Microsoft,umbus,"\driver\umbus,\driver\pnpmanager"
root/vdrvroot/0000,2018-04-06 07:23:10,,system,{4d36e97d-e325-11ce-bfc1-08002be10318},,{27db0821-3bf9-f71a-f96f-a53403857690},Microsoft Virtual Drive Enumerator,0000c08996e3d05af988857e391e94a917403aafc177,vdrvroot.inf_amd64_db96b867c98a7667,vdrvroot.sys,06-21-2006,10.0.16299.251,root,root\vdrvroot,vdrvroot.inf,0,Microsoft,root\vdrvroot,Microsoft Virtual Drive Enumerator,htree\root\0,0,Microsoft,vdrvroot,"\driver\vdrvroot,\driver\pnpmanager"
root/volmgr/0000,2018-04-06 07:23:10,,system,{4d36e97d-e325-11ce-bfc1-08002be10318},"detectedinternal\volmgr,detected\volmgr",{27db0821-3bf9-f71a-f96f-a53403857690},Volume Manager,00008dd1cd56119ca1aca3ab0301105d29e745924a1d,volmgr.inf_amd64_a06e9a0a5f5d477e,volmgr.sys,06-21-2006,10.0.16299.251,root,root\volmgr,volmgr.inf,0,Microsoft,root\volmgr,Volume Manager,htree\root\0,0,Microsoft,volmgr,"\driver\volmgr,\driver\pnpmanager"
scsi/cdrom&ven_plds&prod_dvd-rom_du-8d5lh/4&241bacd1&0&010000,2018-04-06 07:23:10,PLDS DVD-ROM DU-8D5LH,cdrom,{4d36e965-e325-11ce-bfc1-08002be10318},"scsi\cdrom,scsi\raw",{27db0821-3bf9-f71a-f96f-a53403857690},PLDS DVD-ROM DU-8D5LH,0000adf31ae1ce9428d9b8ab81aa99c1b7a4e2cba317,cdrom.inf_amd64_21e18060f597c313,cdrom.sys,06-21-2006,10.0.16299.15,scsi,"scsi\cdromplds____dvd-rom_du-8d5lh5d11,scsi\cdromplds____dvd-rom_du-8d5lh,scsi\cdromplds____,scsi\plds____dvd-rom_du-8d5lh5,plds____dvd-rom_du-8d5lh5,gencdrom",cdrom.inf,0,(Standard CD-ROM drives),gencdrom,CD-ROM Drive,pci\ven_8086&dev_282a&subsys_05341028&rev_04\3&11583659&0&fa,0,Microsoft,cdrom,"\driver\cdrom,\driver\iastorav"
scsi/disk&ven_samsung&prod_portable_ssd_t5/000000,2018-04-06 12:35:18,Samsung Portable SSD T5 SCSI Disk Device,diskdrive,{4d36e967-e325-11ce-bfc1-08002be10318},"scsi\disk,scsi\raw",{3d8e44c3-7ca7-50ab-b1f7-558352516c3d},Samsung Portable SSD T5 SCSI Disk Device,000008e6adb07c1b3cbed594f48d1e2d7ee48a1ccaaa,disk.inf_amd64_a08f315558d0a31e,disk.sys,06-21-2006,10.0.16299.251,scsi,"scsi\disksamsung_portable_ssd_t5_0___,scsi\disksamsung_portable_ssd_t5_,scsi\disksamsung_,scsi\samsung_portable_ssd_t5_0,samsung_portable_ssd_t5_0,gendisk",disk.inf,0,(Standard disk drives),gendisk,Disk drive,usb\vid_04e8&pid_61f5\msft3012345679fd0b,0,Microsoft,disk,"\driver\partmgr,\driver\disk,\driver\stdcfltn,\driver\uaspstor"
scsi/disk&ven_samsung&prod_ssd_850_pro_512g/4&241bacd1&0&000000,2018-04-06 07:23:10,Samsung SSD 850 PRO 512GB,diskdrive,{4d36e967-e325-11ce-bfc1-08002be10318},"scsi\disk,scsi\raw",{27db0821-3bf9-f71a-f96f-a53403857690},Samsung SSD 850 PRO 512GB,000008e6adb07c1b3cbed594f48d1e2d7ee48a1ccaaa,disk.inf_amd64_a08f315558d0a31e,disk.sys,06-21-2006,10.0.16299.251,scsi,"scsi\disksamsung_ssd_850_pro_512gexm0,scsi\disksamsung_ssd_850_pro_512g,scsi\disksamsung_,scsi\samsung_ssd_850_pro_512ge,samsung_ssd_850_pro_512ge,gendisk",disk.inf,0,(Standard disk drives),gendisk,Disk drive,pci\ven_8086&dev_282a&subsys_05341028&rev_04\3&11583659&0&fa,0,Microsoft,disk,"\driver\partmgr,\driver\disk,\driver\stdcfltn,\driver\iastorav"
storage/volume/_??_usbstor#disk&ven_sandisk&prod_extreme&rev_0001#aa010603160707470215&0#{53f56307-b6bf-11d0-94f2-00a0c91efb8b},2018-04-06 07:23:10,,volume,{71a27cdd-812a-11d0-bec7-08002be2092f},,{31c91f64-5f18-21bb-69b8-eeac97f68612},Volume,0000ded8d030001b5505a98397caf86b51e89d1fa656,volume.inf_amd64_969eceb46da8b415,volume.sys,06-21-2006,10.0.16299.15,storage,storage\volume,volume.inf,0,Microsoft,storage\volume,Volume,root\volmgr\0000,0,Microsoft,volume,"\driver\volume,\driver\fvevol,\driver\volmgr"
storage/volume/{36c21bc6-396f-11e8-9b15-28e347017777}#0000000000100000,2018-04-06 12:35:18,,volume,{71a27cdd-812a-11d0-bec7-08002be2092f},,{3d8e44c3-7ca7-50ab-b1f7-558352516c3d},Volume,0000ded8d030001b5505a98397caf86b51e89d1fa656,volume.inf_amd64_969eceb46da8b415,volume.sys,06-21-2006,10.0.16299.15,storage,storage\volume,volume.inf,0,Microsoft,storage\volume,Volume,root\volmgr\0000,0,Microsoft,volume,"\driver\volsnap,\driver\volume,\driver\iorate,\driver\fvevol,\driver\volmgr"
storage/volume/{5c3108ac-31c0-11e8-9b10-806e6f6e6963}#0000000000100000,2018-04-06 07:23:10,,volume,{71a27cdd-812a-11d0-bec7-08002be2092f},,{27db0821-3bf9-f71a-f96f-a53403857690},Volume,0000ded8d030001b5505a98397caf86b51e89d1fa656,volume.inf_amd64_969eceb46da8b415,volume.sys,06-21-2006,10.0.16299.15,storage,storage\volume,volume.inf,0,Microsoft,storage\volume,Volume,root\volmgr\0000,0,Microsoft,volume,"\driver\volsnap,\driver\volume,\driver\iorate,\driver\fvevol,\driver\volmgr"
storage/volume/{5c3108ac-31c0-11e8-9b10-806e6f6e6963}#000000001f400000,2018-04-06 07:23:10,,volume,{71a27cdd-812a-11d0-bec7-08002be2092f},,{27db0821-3bf9-f71a-f96f-a53403857690},Volume,0000ded8d030001b5505a98397caf86b51e89d1fa656,volume.inf_amd64_969eceb46da8b415,volume.sys,06-21-2006,10.0.16299.15,storage,storage\volume,volume.inf,0,Microsoft,storage\volume,Volume,root\volmgr\0000,0,Microsoft,volume,"\driver\volsnap,\driver\volume,\driver\iorate,\driver\fvevol,\driver\volmgr"
storage/volume/{5c3108ac-31c0-11e8-9b10-806e6f6e6963}#0000000025700000,2018-04-06 07:23:10,,volume,{71a27cdd-812a-11d0-bec7-08002be2092f},,{27db0821-3bf9-f71a-f96f-a53403857690},Volume,0000ded8d030001b5505a98397caf86b51e89d1fa656,volume.inf_amd64_969eceb46da8b415,volume.sys,06-21-2006,10.0.16299.15,storage,storage\volume,volume.inf,0,Microsoft,storage\volume,Volume,root\volmgr\0000,0,Microsoft,volume,"\driver\volsnap,\driver\volume,\driver\iorate,\driver\fvevol,\driver\volmgr"
storage/volume/{5c3108ac-31c0-11e8-9b10-806e6f6e6963}#0000000026700000,2018-04-06 07:23:10,,volume,{71a27cdd-812a-11d0-bec7-08002be2092f},,{27db0821-3bf9-f71a-f96f-a53403857690},Volume,0000ded8d030001b5505a98397caf86b51e89d1fa656,volume.inf_amd64_969eceb46da8b415,volume.sys,06-21-2006,10.0.16299.15,storage,storage\volume,volume.inf,0,Microsoft,storage\volume,Volume,root\volmgr\0000,0,Microsoft,volume,"\driver\volsnap,\driver\volume,\driver\iorate,\driver\fvevol,\driver\volmgr"
swd/ip_tunnel_vbus/ip_tunnel_device_root,2018-04-06 07:23:10,,softwaredevice,{62f9c741-b25a-46ce-b54c-9bccce08b6f2},"swd\genericraw,swd\generic",{27db0821-3bf9-f71a-f96f-a53403857690},Microsoft IPv4 IPv6 Transition Adapter Bus,,c_swdevice.inf_amd64_b9ee6d1ea2d580ee,,06-21-2006,10.0.16299.15,swd,(null),c_swdevice.inf,0,Microsoft,swd\genericraw,Generic software device,htree\root\0,0,Microsoft,,\driver\softwaredevice
swd/ip_tunnel_vbus/teredo_tunnel_device,2018-04-06 07:23:10,,net,{4d36e972-e325-11ce-bfc1-08002be10318},"swd\genericraw,swd\generic",{27db0821-3bf9-f71a-f96f-a53403857690},Microsoft Teredo Tunneling Adapter,000076665942eb6ed6d9c1aeff95fd9cd0266a1bf25b,nettun.inf_amd64_a6849c2ae6dc6eff,tunnel.sys,06-21-2006,10.0.16299.15,swd,*teredo,nettun.inf,0,Microsoft,*teredo,Microsoft Teredo Tunneling Adapter,swd\ip_tunnel_vbus\ip_tunnel_device_root,0,Microsoft,tunnel,"\driver\tunnel,\driver\softwaredevice"
swd/mmdevapi/microsoftgswavetablesynth,2018-04-06 07:23:10,Microsoft GS Wavetable Synth,softwaredevice,{62f9c741-b25a-46ce-b54c-9bccce08b6f2},"swd\genericraw,swd\generic",{27db0821-3bf9-f71a-f96f-a53403857690},Microsoft GS Wavetable Synth,,c_swdevice.inf_amd64_b9ee6d1ea2d580ee,,06-21-2006,10.0.16299.15,swd,,c_swdevice.inf,0,Microsoft,swd\genericraw,Generic software device,htree\root\0,0,Microsoft,,\driver\softwaredevice
swd/mmdevapi/{0.0.0.00000000}.{98969132-9f8d-45f2-bafe-a920117eeebc},2018-04-06 07:23:10,Speakers (High Definition Audio Device),audioendpoint,{c166523c-fe0c-4a94-a586-f1a80cfbbf3e},"genericaudioendpoint,swd\genericraw,swd\generic",{27db0821-3bf9-f71a-f96f-a53403857690},Speakers (High Definition Audio Device),,audioendpoint.inf_amd64_4e87316ce2d2c5e9,,09-28-2017,10.0.16299.15,swd,mmdevapi\audioendpoints,audioendpoint.inf,0,Microsoft,mmdevapi\audioendpoints,Audio Endpoint,hdaudio\func_01&ven_111d&dev_76df&subsys_10280534&rev_1002\4&1a5cb910&0&0001,0,Microsoft,,\driver\softwaredevice
swd/mmdevapi/{0.0.1.00000000}.{df24540e-681f-4551-8810-f994f68a7846},2018-04-06 07:23:10,Microphone (High Definition Audio Device),audioendpoint,{c166523c-fe0c-4a94-a586-f1a80cfbbf3e},"genericaudioendpoint,swd\genericraw,swd\generic",{27db0821-3bf9-f71a-f96f-a53403857690},Microphone (High Definition Audio Device),,audioendpoint.inf_amd64_4e87316ce2d2c5e9,,09-28-2017,10.0.16299.15,swd,mmdevapi\audioendpoints,audioendpoint.inf,0,Microsoft,mmdevapi\audioendpoints,Audio Endpoint,hdaudio\func_01&ven_111d&dev_76df&subsys_10280534&rev_1002\4&1a5cb910&0&0001,0,Microsoft,,\driver\softwaredevice
swd/msdas/{ce958e9a-424f-4c88-86f4-11314821e75a},2018-04-06 07:23:10,Microsoft Device Association Root Enumerator,softwaredevice,{62f9c741-b25a-46ce-b54c-9bccce08b6f2},"swd\genericraw,swd\generic",{27db0821-3bf9-f71a-f96f-a53403857690},Microsoft Device Association Root Enumerator,,c_swdevice.inf_amd64_b9ee6d1ea2d580ee,,06-21-2006,10.0.16299.15,swd,,c_swdevice.inf,0,Microsoft,swd\genericraw,Generic software device,htree\root\0,0,Microsoft,,\driver\softwaredevice
swd/msrras/ms_agilevpnminiport,2018-04-06 07:23:10,,net,{4d36e972-e325-11ce-bfc1-08002be10318},swd\generic,{27db0821-3bf9-f71a-f96f-a53403857690},WAN Miniport (IKEv2),000025ee4285e4c5e53aa05aeb707b593d05e8409435,netavpna.inf_amd64_6df7c78ffafae28e,agilevpn.sys,06-21-2006,10.0.16299.15,swd,ms_agilevpnminiport,netavpna.inf,0,Microsoft,ms_agilevpnminiport,WAN Miniport (IKEv2),swd\msrras\{5e259276-bc7e-40e3-b93b-8f89b5f3abc0},0,Microsoft,rasagilevpn,"\driver\rasagilevpn,\driver\softwaredevice"
swd/msrras/ms_l2tpminiport,2018-04-06 07:23:10,,net,{4d36e972-e325-11ce-bfc1-08002be10318},swd\generic,{27db0821-3bf9-f71a-f96f-a53403857690},WAN Miniport (L2TP),00000475f7f6bb00a7604f634501fcd67a4f1a95b0fd,netrasa.inf_amd64_32c3c4bd7096b456,rasl2tp.sys,06-21-2006,10.0.16299.15,swd,ms_l2tpminiport,netrasa.inf,0,Microsoft,ms_l2tpminiport,WAN Miniport (L2TP),swd\msrras\{5e259276-bc7e-40e3-b93b-8f89b5f3abc0},0,Microsoft,rasl2tp,"\driver\rasl2tp,\driver\softwaredevice"
swd/msrras/ms_ndiswanbh,2018-04-06 07:23:10,,net,{4d36e972-e325-11ce-bfc1-08002be10318},swd\generic,{27db0821-3bf9-f71a-f96f-a53403857690},WAN Miniport (Network Monitor),0000309ce596cda05d45dc8498faf513dc9399721707,netrasa.inf_amd64_32c3c4bd7096b456,ndiswan.sys,06-21-2006,10.0.16299.15,swd,ms_ndiswanbh,netrasa.inf,0,Microsoft,ms_ndiswanbh,WAN Miniport (Network Monitor),swd\msrras\{5e259276-bc7e-40e3-b93b-8f89b5f3abc0},0,Microsoft,ndiswan,"\driver\ndiswan,\driver\softwaredevice"
swd/msrras/ms_ndiswanip,2018-04-06 07:23:10,,net,{4d36e972-e325-11ce-bfc1-08002be10318},swd\generic,{27db0821-3bf9-f71a-f96f-a53403857690},WAN Miniport (IP),0000309ce596cda05d45dc8498faf513dc9399721707,netrasa.inf_amd64_32c3c4bd7096b456,ndiswan.sys,06-21-2006,10.0.16299.15,swd,ms_ndiswanip,netrasa.inf,0,Microsoft,ms_ndiswanip,WAN Miniport (IP),swd\msrras\{5e259276-bc7e-40e3-b93b-8f89b5f3abc0},0,Microsoft,ndiswan,"\driver\ndiswan,\driver\softwaredevice"
swd/msrras/ms_ndiswanipv6,2018-04-06 07:23:10,,net,{4d36e972-e325-11ce-bfc1-08002be10318},swd\generic,{27db0821-3bf9-f71a-f96f-a53403857690},WAN Miniport (IPv6),0000309ce596cda05d45dc8498faf513dc9399721707,netrasa.inf_amd64_32c3c4bd7096b456,ndiswan.sys,06-21-2006,10.0.16299.15,swd,ms_ndiswanipv6,netrasa.inf,0,Microsoft,ms_ndiswanipv6,WAN Miniport (IPv6),swd\msrras\{5e259276-bc7e-40e3-b93b-8f89b5f3abc0},0,Microsoft,ndiswan,"\driver\ndiswan,\driver\softwaredevice"
swd/msrras/ms_pppoeminiport,2018-04-06 07:23:10,,net,{4d36e972-e325-11ce-bfc1-08002be10318},swd\generic,{27db0821-3bf9-f71a-f96f-a53403857690},WAN Miniport (PPPOE),000058324ac36f089c23a06c4f04032308c888d3f2de,netrasa.inf_amd64_32c3c4bd7096b456,raspppoe.sys,06-21-2006,10.0.16299.15,swd,ms_pppoeminiport,netrasa.inf,0,Microsoft,ms_pppoeminiport,WAN Miniport (PPPOE),swd\msrras\{5e259276-bc7e-40e3-b93b-8f89b5f3abc0},0,Microsoft,raspppoe,"\driver\raspppoe,\driver\softwaredevice"
swd/msrras/ms_pptpminiport,2018-04-06 07:23:10,,net,{4d36e972-e325-11ce-bfc1-08002be10318},swd\generic,{27db0821-3bf9-f71a-f96f-a53403857690},WAN Miniport (PPTP),00009d05f5bc106f241f02b43e08457172980aec2c82,netrasa.inf_amd64_32c3c4bd7096b456,raspptp.sys,06-21-2006,10.0.16299.15,swd,ms_pptpminiport,netrasa.inf,0,Microsoft,ms_pptpminiport,WAN Miniport (PPTP),swd\msrras\{5e259276-bc7e-40e3-b93b-8f89b5f3abc0},0,Microsoft,pptpminiport,"\driver\pptpminiport,\driver\softwaredevice"
swd/msrras/ms_sstpminiport,2018-04-06 07:23:10,,net,{4d36e972-e325-11ce-bfc1-08002be10318},swd\generic,{27db0821-3bf9-f71a-f96f-a53403857690},WAN Miniport (SSTP),0000a4f754691071bf5077d533b3d9e086461c52f42a,netsstpa.inf_amd64_2e816690543f869e,rassstp.sys,06-21-2006,10.0.16299.15,swd,ms_sstpminiport,netsstpa.inf,0,Microsoft,ms_sstpminiport,WAN Miniport (SSTP),swd\msrras\{5e259276-bc7e-40e3-b93b-8f89b5f3abc0},0,Microsoft,rassstp,"\driver\rassstp,\driver\softwaredevice"
swd/msrras/{5e259276-bc7e-40e3-b93b-8f89b5f3abc0},2018-04-06 07:23:10,Microsoft RRAS Root Enumerator,softwaredevice,{62f9c741-b25a-46ce-b54c-9bccce08b6f2},"swd\genericraw,swd\generic",{27db0821-3bf9-f71a-f96f-a53403857690},Microsoft RRAS Root Enumerator,,c_swdevice.inf_amd64_b9ee6d1ea2d580ee,,06-21-2006,10.0.16299.15,swd,,c_swdevice.inf,0,Microsoft,swd\genericraw,Generic software device,htree\root\0,0,Microsoft,,\driver\softwaredevice
swd/printenum/printqueues,2018-04-06 07:23:10,Root Print Queue,printqueue,{1ed2bbf9-11f0-4084-b21f-ad83a8e6dcdc},"swd\genericraw,swd\generic",{27db0821-3bf9-f71a-f96f-a53403857690},Root Print Queue,,printqueue.inf_amd64_4973bbc88fb4d59d,,06-21-2006,10.0.16299.15,swd,printenum\localprintqueue,printqueue.inf,0,Microsoft,printenum\localprintqueue,Local Print Queue,htree\root\0,0,Microsoft,,\driver\softwaredevice
swd/printenum/{71f9de9e-3820-46a4-bb5e-de33e011db8a},2018-04-06 07:23:10,,printqueue,{1ed2bbf9-11f0-4084-b21f-ad83a8e6dcdc},"genprintqueue,swd\genericraw,swd\generic",{f7522009-9b95-3d39-82b1-850eeec071d9},Fax,,printqueue.inf_amd64_4973bbc88fb4d59d,,06-21-2006,10.0.16299.15,swd,"printenum\microsoftmicrosoft_s7d14,printenum\localprintqueue,microsoftmicrosoft_s7d14",printqueue.inf,0,Microsoft,printenum\localprintqueue,Local Print Queue,swd\printenum\printqueues,0,Microsoft,,\driver\softwaredevice
swd/printenum/{8caf8cf7-bd5a-4fef-8c21-ca9ad015b4fd},2018-04-06 07:23:10,,printqueue,{1ed2bbf9-11f0-4084-b21f-ad83a8e6dcdc},"genprintqueue,swd\genericraw,swd\generic",{6e6c2e2f-33a6-9d36-1acd-33707a987196},Microsoft XPS Document Writer,,printqueue.inf_amd64_4973bbc88fb4d59d,,06-21-2006,10.0.16299.15,swd,"printenum\{0f4130dd-19c7-7ab6-99a1-980f03b2ee4e},printenum\localprintqueue,{0f4130dd-19c7-7ab6-99a1-980f03b2ee4e}",printqueue.inf,0,Microsoft,printenum\localprintqueue,Local Print Queue,swd\printenum\printqueues,0,Microsoft,,\driver\softwaredevice
swd/printenum/{a2e1f142-e33a-470a-a4fd-11d840f55565},2018-04-06 07:23:10,,printqueue,{1ed2bbf9-11f0-4084-b21f-ad83a8e6dcdc},"genprintqueue,swd\genericraw,swd\generic",{f90220f9-4f8a-608d-278b-198c3c4938ad},Microsoft Print to PDF,,printqueue.inf_amd64_4973bbc88fb4d59d,,06-21-2006,10.0.16299.15,swd,"printenum\{084f01fa-e634-4d77-83ee-074817c03581},printenum\localprintqueue,{084f01fa-e634-4d77-83ee-074817c03581}",printqueue.inf,0,Microsoft,printenum\localprintqueue,Local Print Queue,swd\printenum\printqueues,0,Microsoft,,\driver\softwaredevice
swd/printenum/{ac65bad5-ba77-4b34-a0d0-232a4a22fc14},2018-04-06 07:23:10,,printqueue,{1ed2bbf9-11f0-4084-b21f-ad83a8e6dcdc},"genprintqueue,swd\genericraw,swd\generic",{056018f3-ea11-de01-11c1-516050c076bc},Send To OneNote 2016,,printqueue.inf_amd64_4973bbc88fb4d59d,,06-21-2006,10.0.16299.15,swd,"printenum\{3ee39114-30b4-45a4-a109-19d4a40fcc22},printenum\localprintqueue,{3ee39114-30b4-45a4-a109-19d4a40fcc22}",printqueue.inf,0,Microsoft,printenum\localprintqueue,Local Print Queue,swd\printenum\printqueues,0,Microsoft,,\driver\softwaredevice
swd/radio/bluetooth_28e347017777,2018-04-06 07:23:10,Bluetooth,softwaredevice,{62f9c741-b25a-46ce-b54c-9bccce08b6f2},"swd\genericraw,swd\generic",{27db0821-3bf9-f71a-f96f-a53403857690},Bluetooth,,c_swdevice.inf_amd64_b9ee6d1ea2d580ee,,06-21-2006,10.0.16299.15,swd,,c_swdevice.inf,0,Microsoft,swd\genericraw,Generic software device,swd\radio\{3db5895d-cc28-44b3-ad3d-6f01a782b8d2},0,Microsoft,,\driver\softwaredevice
swd/radio/{3db5895d-cc28-44b3-ad3d-6f01a782b8d2},2018-04-06 07:23:10,Microsoft Radio Device Enumeration Bus,softwaredevice,{62f9c741-b25a-46ce-b54c-9bccce08b6f2},"swd\genericraw,swd\generic",{27db0821-3bf9-f71a-f96f-a53403857690},Microsoft Radio Device Enumeration Bus,,c_swdevice.inf_amd64_b9ee6d1ea2d580ee,,06-21-2006,10.0.16299.15,swd,,c_swdevice.inf,0,Microsoft,swd\genericraw,Generic software device,htree\root\0,0,Microsoft,,\driver\softwaredevice
swd/radio/{4b0ae068-b350-4bd4-85ab-77e00e581863},2018-04-06 07:23:10,Wi-Fi,softwaredevice,{62f9c741-b25a-46ce-b54c-9bccce08b6f2},"swd\genericraw,swd\generic",{27db0821-3bf9-f71a-f96f-a53403857690},Wi-Fi,,c_swdevice.inf_amd64_b9ee6d1ea2d580ee,,06-21-2006,10.0.16299.15,swd,,c_swdevice.inf,0,Microsoft,swd\genericraw,Generic software device,swd\radio\{3db5895d-cc28-44b3-ad3d-6f01a782b8d2},0,Microsoft,,\driver\softwaredevice
swd/wpdbusenum/_??_usbstor#disk&ven_sandisk&prod_extreme&rev_0001#aa010603160707470215&0#{53f56307-b6bf-11d0-94f2-00a0c91efb8b},2018-04-06 07:23:10,,wpd,{eec5ad98-8080-425f-922a-dabf3de3f69a},"wpdbusenum\fs,swd\generic",{31c91f64-5f18-21bb-69b8-eeac97f68612},CloudLog,0000ac12380e5a7c063ed26ad4d8d67f5167516a78f2,wpdfs.inf_amd64_86b72dac27e0ea83,wudfrd.sys,06-21-2006,10.0.16299.15,swd,,wpdfs.inf,0,"SanDisk ",wpdbusenum\fs,"Extreme         ",storage\volume\_??_usbstor#disk&ven_sandisk&prod_extreme&rev_0001#aa010603160707470215&0#{53f56307-b6bf-11d0-94f2-00a0c91efb8b},0,Microsoft,wudfwpdfs,"\driver\wpdupfltr,\driver\wudfrd,\driver\softwaredevice"
swd/wpdbusenum/{36c21bc6-396f-11e8-9b15-28e347017777}#0000000000100000,2018-04-06 12:35:18,,wpd,{eec5ad98-8080-425f-922a-dabf3de3f69a},"wpdbusenum\fs,swd\generic",{3d8e44c3-7ca7-50ab-b1f7-558352516c3d},Samsung_T5,0000ac12380e5a7c063ed26ad4d8d67f5167516a78f2,wpdfs.inf_amd64_86b72dac27e0ea83,wudfrd.sys,06-21-2006,10.0.16299.15,swd,,wpdfs.inf,0,"Samsung ",wpdbusenum\fs,"Portable SSD T5 ",storage\volume\{36c21bc6-396f-11e8-9b15-28e347017777}#0000000000100000,0,Microsoft,wudfwpdfs,"\driver\wpdupfltr,\driver\wudfrd,\driver\softwaredevice"
usb/root_hub20/4&1671a21&0,2018-04-06 07:23:10,,usb,{36fc9e60-c465-11cf-8056-444553540000},,{27db0821-3bf9-f71a-f96f-a53403857690},USB Root Hub,0000e88fe6988ca662e3c589469cd4ff48106980300f,usbport.inf_amd64_2c3800647ea6795b,usbhub.sys,06-21-2006,10.0.16299.15,usb,"usb\root_hub20&vid8086&pid1e26&rev0004,usb\root_hub20&vid8086&pid1e26,usb\root_hub20",usbport.inf,0,(Standard USB Host Controller),usb\root_hub20,USB Root Hub,pci\ven_8086&dev_1e26&subsys_05341028&rev_04\3&11583659&0&e8,0,Microsoft,usbhub,"\driver\usbhub,\driver\acpi,\driver\usbehci"
usb/root_hub20/4&b21407d&0,2018-04-06 07:23:10,,usb,{36fc9e60-c465-11cf-8056-444553540000},,{27db0821-3bf9-f71a-f96f-a53403857690},USB Root Hub,0000e88fe6988ca662e3c589469cd4ff48106980300f,usbport.inf_amd64_2c3800647ea6795b,usbhub.sys,06-21-2006,10.0.16299.15,usb,"usb\root_hub20&vid8086&pid1e2d&rev0004,usb\root_hub20&vid8086&pid1e2d,usb\root_hub20",usbport.inf,0,(Standard USB Host Controller),usb\root_hub20,USB Root Hub,pci\ven_8086&dev_1e2d&subsys_05341028&rev_04\3&11583659&0&d0,0,Microsoft,usbhub,"\driver\usbhub,\driver\acpi,\driver\usbehci"
usb/root_hub30/4&2d689036&0&0,2018-04-06 07:23:10,,usb,{36fc9e60-c465-11cf-8056-444553540000},,{27db0821-3bf9-f71a-f96f-a53403857690},USB Root Hub (USB 3.0),00007554a46932dea508667ae418e54a697d0f8b0678,usbhub3.inf_amd64_67e211412f3ed505,usbhub3.sys,02-21-2018,10.0.16299.251,usb,"usb\root_hub30&vid8086&pid1e31&rev0004,usb\root_hub30&vid8086&pid1e31,usb\root_hub30",usbhub3.inf,0,(Standard USB HUBs),usb\root_hub30,USB Root Hub (USB 3.0),pci\ven_8086&dev_1e31&subsys_05341028&rev_04\3&11583659&0&a0,0,Microsoft,usbhub3,"\driver\usbhub3,\driver\acpi,\driver\usbxhci"
usb/vid_04e8&pid_61f5/msft3012345679fd0b,2018-04-06 12:35:18,Portable SSD T5,scsiadapter,{4d36e97b-e325-11ce-bfc1-08002be10318},"usb\class_08&subclass_06&prot_62,usb\class_08&subclass_06,usb\class_08",{3d8e44c3-7ca7-50ab-b1f7-558352516c3d},USB Attached SCSI (UAS) Mass Storage Device,00001b2f293538cebfcd27ae9a247adde5c9d19475f9,uaspstor.inf_amd64_97be50fa9853ce4e,uaspstor.sys,06-21-2006,10.0.16299.15,usb,"usb\vid_04e8&pid_61f5&rev_0100,usb\vid_04e8&pid_61f5",uaspstor.inf,0,USB Attached SCSI (UAS) Compatible Device,usb\class_08&subclass_06&prot_62,USB Attached SCSI (UAS) Mass Storage Device,usb\root_hub30\4&2d689036&0&0,0,Microsoft,uaspstor,"\driver\uaspstor,\driver\acpi,\driver\usbhub3"
usb/vid_0781&pid_5580/aa010603160707470215,2018-04-06 07:23:10,Extreme,usb,{36fc9e60-c465-11cf-8056-444553540000},"usb\class_08&subclass_06&prot_50,usb\class_08&subclass_06,usb\class_08",{31c91f64-5f18-21bb-69b8-eeac97f68612},USB Mass Storage Device,0000a08871243f1e2e950da8f67fc01b38c36dbe6d7b,usbstor.inf_amd64_d4e2b6b73906776d,usbstor.sys,06-21-2006,10.0.16299.15,usb,"usb\vid_0781&pid_5580&rev_0010,usb\vid_0781&pid_5580",usbstor.inf,0,Compatible USB storage device,usb\class_08&subclass_06&prot_50,USB Mass Storage Device,usb\vid_8087&pid_0024\5&2cd6d949&0&1,0,Microsoft,usbstor,"\driver\usbstor,\driver\acpi,\driver\usbhub"
usb/vid_0c45&pid_643f&mi_00/7&2bca401f&0&0000,2018-04-06 07:23:10,Integrated Webcam,camera,{ca3e7ab9-b4c3-4ae6-8251-579ef933890f},"usb\class_0e&subclass_03&prot_00,usb\class_0e&subclass_03,usb\class_0e",{27db0821-3bf9-f71a-f96f-a53403857690},Integrated Webcam,0000cedd862a9db8b6c4b30601b02766e2ed0b6b7680,usbvideo.inf_amd64_24cfe085f164e292,usbvideo.sys,06-21-2006,10.0.16299.15,usb,"usb\vid_0c45&pid_643f&rev_2806&mi_00,usb\vid_0c45&pid_643f&mi_00",usbvideo.inf,0,Microsoft,usb\class_0e,USB Video Device,usb\vid_0c45&pid_643f\6&c0f0d73&0&5,0,Microsoft,usbvideo,"\driver\ksthunk,\driver\usbvideo,\driver\acpi,\driver\usbccgp"
usb/vid_0c45&pid_643f/6&c0f0d73&0&5,2018-04-06 07:23:10,Laptop_Integrated_Webcam_E4HD,usb,{36fc9e60-c465-11cf-8056-444553540000},"usb\devclass_00&subclass_00&prot_00,usb\devclass_00&subclass_00,usb\devclass_00,usb\composite",{27db0821-3bf9-f71a-f96f-a53403857690},USB Composite Device,000062c38d86bce8d60a6223e8088d7a617afefca8d5,usb.inf_amd64_ebcab8a14ba66a64,usbccgp.sys,06-21-2006,10.0.16299.15,usb,"usb\vid_0c45&pid_643f&rev_2806,usb\vid_0c45&pid_643f",usb.inf,0,(Standard USB Host Controller),usb\composite,USB Composite Device,usb\vid_8087&pid_0024\5&182c2717&0&1,0,Microsoft,usbccgp,"\driver\usbccgp,\driver\acpi,\driver\usbhub"
usb/vid_413c&pid_8197/28e347017777,2018-04-06 07:23:10,DW380 Bluetooth Module,bluetooth,{e0cbf06c-cd8b-4647-bb8a-263b43f0f974},"usb\class_ff&subclass_01&prot_01,usb\class_ff&subclass_01,usb\class_ff",{27db0821-3bf9-f71a-f96f-a53403857690},Dell Wireless 380 Bluetooth 4.0 Module,000082da12a969d0057d4c8020650946bfe982c5fa34,bcbtums-win8x64-brcm.inf_amd64_354ddbc7c4176c53,bthusb.sys,09-23-2015,12.0.1.750,usb,"usb\vid_413c&pid_8197&rev_0112,usb\vid_413c&pid_8197",oem8.inf,0,Broadcom,usb\vid_413c&pid_8197,Dell Wireless 380 Bluetooth 4.0 Module,usb\vid_8087&pid_0024\5&182c2717&0&1,0,Broadcom Corporation,bthusb,"\driver\bthusb,\driver\bcbtums,\driver\acpi,\driver\usbhub"
usb/vid_8087&pid_0024/5&182c2717&0&1,2018-04-06 07:23:10,,usb,{36fc9e60-c465-11cf-8056-444553540000},"usb\class_09&subclass_00&prot_00,usb\class_09&subclass_00,usb\class_09",{27db0821-3bf9-f71a-f96f-a53403857690},Generic USB Hub,0000e88fe6988ca662e3c589469cd4ff48106980300f,usb.inf_amd64_ebcab8a14ba66a64,usbhub.sys,06-21-2006,10.0.16299.15,usb,"usb\vid_8087&pid_0024&rev_0000,usb\vid_8087&pid_0024",usb.inf,0,(Generic USB Hub),usb\class_09,Generic USB Hub,usb\root_hub20\4&b21407d&0,0,Microsoft,usbhub,"\driver\usbhub,\driver\acpi,\driver\usbhub"
usb/vid_8087&pid_0024/5&2cd6d949&0&1,2018-04-06 07:23:10,,usb,{36fc9e60-c465-11cf-8056-444553540000},"usb\class_09&subclass_00&prot_00,usb\class_09&subclass_00,usb\class_09",{27db0821-3bf9-f71a-f96f-a53403857690},Generic USB Hub,0000e88fe6988ca662e3c589469cd4ff48106980300f,usb.inf_amd64_ebcab8a14ba66a64,usbhub.sys,06-21-2006,10.0.16299.15,usb,"usb\vid_8087&pid_0024&rev_0000,usb\vid_8087&pid_0024",usb.inf,0,(Generic USB Hub),usb\class_09,Generic USB Hub,usb\root_hub20\4&1671a21&0,0,Microsoft,usbhub,"\driver\usbhub,\driver\acpi,\driver\usbhub"
usbstor/disk&ven_sandisk&prod_extreme&rev_0001/aa010603160707470215&0,2018-04-06 07:23:10,SanDisk Extreme USB Device,diskdrive,{4d36e967-e325-11ce-bfc1-08002be10318},"usbstor\disk,usbstor\raw,gendisk",{31c91f64-5f18-21bb-69b8-eeac97f68612},SanDisk Extreme USB Device,000008e6adb07c1b3cbed594f48d1e2d7ee48a1ccaaa,disk.inf_amd64_a08f315558d0a31e,disk.sys,06-21-2006,10.0.16299.251,usbstor,"usbstor\disksandisk_extreme_________0001,usbstor\disksandisk_extreme_________,usbstor\disksandisk_,usbstor\sandisk_extreme_________0,sandisk_extreme_________0,usbstor\gendisk,gendisk",disk.inf,0,(Standard disk drives),gendisk,Disk drive,usb\vid_0781&pid_5580\aa010603160707470215,0,Microsoft,disk,"\driver\partmgr,\driver\disk,\driver\usbstor"
{5d624f94-8850-40c3-a3fa-a4fd2080baf3}/vwifimp_wfd/5&2b14fa57&0&11,2018-04-06 07:23:10,Microsoft Virtual WiFi Miniport Adapter_11,net,{4d36e972-e325-11ce-bfc1-08002be10318},{5d624f94-8850-40c3-a3fa-a4fd2080baf3}\vwifimp_wfd,{27db0821-3bf9-f71a-f96f-a53403857690},Microsoft Wi-Fi Direct Virtual Adapter,0000dfadb987160e7ced89898d8da7c21e07e6659263,netvwifimp.inf_amd64_6329c29098c07306,vwifimp.sys,06-21-2006,10.0.16299.15,{5d624f94-8850-40c3-a3fa-a4fd2080baf3},{5d624f94-8850-40c3-a3fa-a4fd2080baf3}\vwifimp_wfd,netvwifimp.inf,0,Microsoft,{5d624f94-8850-40c3-a3fa-a4fd2080baf3}\vwifimp_wfd,Microsoft Wi-Fi Direct Virtual Adapter,pci\ven_14e4&dev_4727&subsys_00151028&rev_01\4&752ea02&0&00e1,0,Microsoft,vwifimp,"\driver\vwifimp,\driver\vwifibus"
{f2288b13-0f70-5fb5-9efe-b5047876fc7a},2018-04-06 07:23:10,,ComputerHardwareId,,"BiosVendor:Dell Inc.,BiosVersion:A14,BiosReleaseDate:12/27/2013,BiosMajorRelease:0x4,BiosMinorRelease:0x6,SystemManufacturer:Dell Inc.,SystemProduct:Latitude E6430,SystemFamily:,SystemSKUNumber:Latitude E6430,BaseboardManufacturer:Dell Inc.,BaseboardProduct:0CDR63,BaseboardVersion:A00,EnclosureType:0x9",{f2288b13-0f70-5fb5-9efe-b5047876fc7a},,,,,,,ComputerHardwareId,"{c9859588-f460-5dc3-bff5-c1d37f9496f0},{d1a9b880-ce31-5301-aad0-be43b87965ed},{752ec90e-aa94-56d9-b85a-5b11fee6bde4},{cb1c4021-08d4-5d58-b753-716ff76d6e45},{5d3f274e-6689-5462-87f2-cca78f6a864f},{25f0e994-adc4-5aad-8b5d-9c0817f99749},{bdc20b6c-7c23-5cb0-9dfa-6bab4e20499b},{89015e1d-c530-58f4-a201-be35a0628b90},{bdc20b6c-7c23-5cb0-9dfa-6bab4e20499b},{89015e1d-c530-58f4-a201-be35a0628b90},{29ca4080-4d68-5395-afe2-35fa9a4f13bf},{95373bfa-2196-5ec2-97fd-c5d358a8ef97},{85d38fda-fc0e-5c6f-808f-076984ae7978}",,0,Dell Inc.,{f2288b13-0f70-5fb5-9efe-b5047876fc7a},,,0,,,
