SourceFile,SourceCreated,SourceModified,SourceAccessed,TargetCreated,TargetModified,TargetAccessed,FileSize,RelativePath,WorkingDirectory,FileAttributes,HeaderFlags,DriveType,VolumeSerialNumber,VolumeLabel,LocalPath,NetworkPath,CommonPath,Arguments,TargetIDAbsolutePath,TargetMFTEntryNumber,TargetMFTSequenceNumber,MachineID,MachineMACAddress,MACVendor,TrackerCreatedOn,ExtraBlocksPresent
M:\Forensics\Lone Wolf 2018\KAPE\tout\D\Users\jcloudy\Desktop\Box Sync.lnk,2018-03-28 00:53:57,2018-03-28 00:53:57,2021-01-17 15:28:46,2018-03-28 00:53:56,2018-03-28 00:53:56,2018-03-28 00:53:56,0,..\Box Sync,,FileAttributeDirectory,"HasTargetIdList, HasLinkInfo, HasRelativePath, HasIconLocation, IsUnicode, HasExpIcon",Fixed storage media (Hard drive),AA920881,,C:\Users\jcloudy\Box Sync,,,,Shared Documents Folder (Users Files)\Box Sync,0x225EE,0x2,desktop-pm6c56d,28:e3:47:01:77:77,LITEON,2018-03-27 21:45:39,"IconEnvironmentDataBlock, SpecialFolderDataBlock, KnownFolderDataBlock, TrackerDataBaseBlock, PropertyStoreDataBlock"
M:\Forensics\Lone Wolf 2018\KAPE\tout\D\Users\jcloudy\Desktop\Dropbox.lnk,2018-03-28 00:06:27,2018-03-28 00:06:27,2021-01-17 15:28:46,2018-03-28 00:05:07,2018-03-15 11:52:00,2018-03-28 00:04:39,3567936,..\..\..\Program Files (x86)\Dropbox\Client\Dropbox.exe,C:\Program Files (x86)\Dropbox\Client,FileAttributeArchive,"HasTargetIdList, HasLinkInfo, HasName, HasRelativePath, HasWorkingDir, HasArguments, IsUnicode",Fixed storage media (Hard drive),AA920881,,C:\Program Files (x86)\Dropbox\Client\Dropbox.exe,,,/home,My Computer\C:\Program Files (x86)\Dropbox\Client\Dropbox.exe,0x22273,0x1,desktop-pm6c56d,28:e3:47:01:77:77,LITEON,2018-03-27 21:45:39,"SpecialFolderDataBlock, KnownFolderDataBlock, TrackerDataBaseBlock, PropertyStoreDataBlock"
M:\Forensics\Lone Wolf 2018\KAPE\tout\D\Users\jcloudy\Desktop\Google Drive.lnk,2018-03-28 00:43:22,2018-03-28 00:43:22,2021-01-17 15:28:46,2018-03-28 00:43:22,2018-03-28 00:43:22,2018-03-28 00:43:22,0,..\Google Drive,,"FileAttributeReadonly, FileAttributeDirectory","HasTargetIdList, HasLinkInfo, HasName, HasRelativePath, HasIconLocation, IsUnicode, HasExpIcon",Fixed storage media (Hard drive),AA920881,,C:\Users\jcloudy\Google Drive,,,,Shared Documents Folder (Users Files)\Google Drive,0x22248,0x20,desktop-pm6c56d,28:e3:47:01:77:77,LITEON,2018-03-27 21:45:39,"IconEnvironmentDataBlock, SpecialFolderDataBlock, KnownFolderDataBlock, TrackerDataBaseBlock, PropertyStoreDataBlock"
M:\Forensics\Lone Wolf 2018\KAPE\tout\D\Users\Public\Desktop\3D Vision Photo Viewer.lnk,2018-03-27 09:21:38,2018-03-27 09:21:38,2021-01-17 15:28:46,2018-03-27 09:21:08,2016-12-29 12:28:56,2018-03-27 09:21:08,1767872,..\..\..\Program Files (x86)\NVIDIA Corporation\3D Vision\nvstview.exe,C:\Program Files (x86)\NVIDIA Corporation\3D Vision,FileAttributeArchive,"HasTargetIdList, HasLinkInfo, HasRelativePath, HasWorkingDir, HasIconLocation, IsUnicode, HasExpIcon",Fixed storage media (Hard drive),AA920881,,C:\Program Files (x86)\NVIDIA Corporation\3D Vision\nvstview.exe,,,,My Computer\C:\Program Files (x86)\NVIDIA Corporation\3D Vision\nvstview.exe,0x17295,0x3,desktop-pm6c56d,ec:f4:bb:48:7f:ed,DELL,2018-03-27 12:13:12,"IconEnvironmentDataBlock, SpecialFolderDataBlock, KnownFolderDataBlock, TrackerDataBaseBlock, PropertyStoreDataBlock"
M:\Forensics\Lone Wolf 2018\KAPE\tout\D\Users\Public\Desktop\Google Chrome.lnk,2018-03-27 09:32:50,2018-03-27 09:32:50,2021-01-17 15:28:46,2018-03-27 09:32:50,2018-03-20 05:59:56,2018-03-27 09:32:50,1589592,..\..\..\Program Files (x86)\Google\Chrome\Application\chrome.exe,C:\Program Files (x86)\Google\Chrome\Application,FileAttributeArchive,"HasTargetIdList, HasLinkInfo, HasName, HasRelativePath, HasWorkingDir, HasIconLocation, IsUnicode, HasExpIcon",Fixed storage media (Hard drive),AA920881,,C:\Program Files (x86)\Google\Chrome\Application\chrome.exe,,,,My Computer\C:\Program Files (x86)\Google\Chrome\Application\chrome.exe,0x18FC5,0x2,desktop-pm6c56d,ec:f4:bb:48:7f:ed,DELL,2018-03-27 12:13:12,"IconEnvironmentDataBlock, SpecialFolderDataBlock, KnownFolderDataBlock, TrackerDataBaseBlock, PropertyStoreDataBlock"
M:\Forensics\Lone Wolf 2018\KAPE\tout\D\Users\Public\Desktop\Google Docs.lnk,2018-03-27 23:46:39,2018-03-27 23:46:39,2021-01-17 15:28:46,2018-03-15 15:31:36,2018-03-15 15:31:36,2018-03-27 23:46:39,46139776,..\..\..\Program Files\Google\Drive\googledrivesync.exe,C:\Program Files\Google\Drive\,FileAttributeArchive,"HasTargetIdList, HasLinkInfo, HasRelativePath, HasWorkingDir, HasArguments, HasIconLocation, IsUnicode, HasExpIcon",Fixed storage media (Hard drive),AA920881,,C:\Program Files\Google\Drive\googledrivesync.exe,,,--new_document,My Computer\C:\Program Files\Google\Drive\googledrivesync.exe,0x21413,0x1,desktop-pm6c56d,28:e3:47:01:77:77,LITEON,2018-03-27 21:45:39,"IconEnvironmentDataBlock, SpecialFolderDataBlock, KnownFolderDataBlock, TrackerDataBaseBlock, PropertyStoreDataBlock"
M:\Forensics\Lone Wolf 2018\KAPE\tout\D\Users\Public\Desktop\Google Sheets.lnk,2018-03-27 23:46:39,2018-03-27 23:46:39,2021-01-17 15:28:46,2018-03-15 15:31:36,2018-03-15 15:31:36,2018-03-27 23:46:39,46139776,..\..\..\Program Files\Google\Drive\googledrivesync.exe,C:\Program Files\Google\Drive\,FileAttributeArchive,"HasTargetIdList, HasLinkInfo, HasRelativePath, HasWorkingDir, HasArguments, HasIconLocation, IsUnicode, HasExpIcon",Fixed storage media (Hard drive),AA920881,,C:\Program Files\Google\Drive\googledrivesync.exe,,,--new_spreadsheet,My Computer\C:\Program Files\Google\Drive\googledrivesync.exe,0x21413,0x1,desktop-pm6c56d,28:e3:47:01:77:77,LITEON,2018-03-27 21:45:39,"IconEnvironmentDataBlock, SpecialFolderDataBlock, KnownFolderDataBlock, TrackerDataBaseBlock, PropertyStoreDataBlock"
M:\Forensics\Lone Wolf 2018\KAPE\tout\D\Users\Public\Desktop\Google Slides.lnk,2018-03-27 23:46:39,2018-03-27 23:46:39,2021-01-17 15:28:46,2018-03-15 15:31:36,2018-03-15 15:31:36,2018-03-27 23:46:39,46139776,..\..\..\Program Files\Google\Drive\googledrivesync.exe,C:\Program Files\Google\Drive\,FileAttributeArchive,"HasTargetIdList, HasLinkInfo, HasRelativePath, HasWorkingDir, HasArguments, HasIconLocation, IsUnicode, HasExpIcon",Fixed storage media (Hard drive),AA920881,,C:\Program Files\Google\Drive\googledrivesync.exe,,,--new_presentation,My Computer\C:\Program Files\Google\Drive\googledrivesync.exe,0x21413,0x1,desktop-pm6c56d,28:e3:47:01:77:77,LITEON,2018-03-27 21:45:39,"IconEnvironmentDataBlock, SpecialFolderDataBlock, KnownFolderDataBlock, TrackerDataBaseBlock, PropertyStoreDataBlock"
M:\Forensics\Lone Wolf 2018\KAPE\tout\D\Users\Public\Desktop\S3 Browser.lnk,2018-03-27 23:57:19,2018-03-27 23:57:19,2021-01-17 15:28:46,2018-03-27 23:57:18,2018-03-27 20:09:42,2018-03-27 23:57:18,3042432,..\..\..\Program Files\S3 Browser\s3browser-win32.exe,C:\Program Files\S3 Browser,FileAttributeArchive,"HasTargetIdList, HasLinkInfo, HasRelativePath, HasWorkingDir, IsUnicode",Fixed storage media (Hard drive),AA920881,,C:\Program Files\S3 Browser\s3browser-win32.exe,,,,My Computer\C:\Program Files\S3 Browser\s3browser-win32.exe,0x22080,0x1,desktop-pm6c56d,28:e3:47:01:77:77,LITEON,2018-03-27 21:45:39,"TrackerDataBaseBlock, PropertyStoreDataBlock"
M:\Forensics\Lone Wolf 2018\KAPE\tout\D\ProgramData\Microsoft\Windows\Start Menu\Programs\Access 2016.lnk,2018-03-27 09:45:34,2018-03-27 09:45:34,2021-01-17 15:28:46,2018-03-27 09:37:10,2018-03-27 09:37:10,2018-03-27 09:37:10,15287984,..\..\..\..\..\Program Files (x86)\Microsoft Office\root\Office16\MSACCESS.EXE,,"FileAttributeArchive, FileAttributeSparseFile","HasTargetIdList, HasLinkInfo, HasName, HasRelativePath, HasIconLocation, IsUnicode, HasExpIcon",Fixed storage media (Hard drive),AA920881,,C:\Program Files (x86)\Microsoft Office\root\Office16\MSACCESS.EXE,,,,My Computer\C:\Program Files (x86)\Microsoft Office\root\Office16\MSACCESS.EXE,0x1C393,0x208,desktop-pm6c56d,ec:f4:bb:48:7f:ed,DELL,2018-03-27 12:13:12,"IconEnvironmentDataBlock, SpecialFolderDataBlock, KnownFolderDataBlock, TrackerDataBaseBlock, PropertyStoreDataBlock"
M:\Forensics\Lone Wolf 2018\KAPE\tout\D\ProgramData\Microsoft\Windows\Start Menu\Programs\Excel 2016.lnk,2018-03-27 09:45:34,2018-03-27 09:45:34,2021-01-17 15:28:46,2018-03-27 09:36:15,2018-03-27 09:36:15,2018-03-27 09:36:15,36877488,..\..\..\..\..\Program Files (x86)\Microsoft Office\root\Office16\EXCEL.EXE,,"FileAttributeArchive, FileAttributeSparseFile","HasTargetIdList, HasLinkInfo, HasName, HasRelativePath, HasIconLocation, IsUnicode, HasExpIcon",Fixed storage media (Hard drive),AA920881,,C:\Program Files (x86)\Microsoft Office\root\Office16\EXCEL.EXE,,,,My Computer\C:\Program Files (x86)\Microsoft Office\root\Office16\EXCEL.EXE,0x16D26,0x3,desktop-pm6c56d,ec:f4:bb:48:7f:ed,DELL,2018-03-27 12:13:12,"IconEnvironmentDataBlock, SpecialFolderDataBlock, KnownFolderDataBlock, TrackerDataBaseBlock, PropertyStoreDataBlock"
M:\Forensics\Lone Wolf 2018\KAPE\tout\D\ProgramData\Microsoft\Windows\Start Menu\Programs\Google Chrome.lnk,2018-03-27 09:32:50,2018-03-27 09:32:50,2021-01-17 15:28:46,2018-03-27 09:32:50,2018-03-20 05:59:56,2018-03-27 09:32:50,1589592,..\..\..\..\..\Program Files (x86)\Google\Chrome\Application\chrome.exe,C:\Program Files (x86)\Google\Chrome\Application,FileAttributeArchive,"HasTargetIdList, HasLinkInfo, HasName, HasRelativePath, HasWorkingDir, HasIconLocation, IsUnicode, HasExpIcon",Fixed storage media (Hard drive),AA920881,,C:\Program Files (x86)\Google\Chrome\Application\chrome.exe,,,,My Computer\C:\Program Files (x86)\Google\Chrome\Application\chrome.exe,0x18FC5,0x2,desktop-pm6c56d,ec:f4:bb:48:7f:ed,DELL,2018-03-27 12:13:12,"IconEnvironmentDataBlock, SpecialFolderDataBlock, KnownFolderDataBlock, TrackerDataBaseBlock, PropertyStoreDataBlock"
M:\Forensics\Lone Wolf 2018\KAPE\tout\D\ProgramData\Microsoft\Windows\Start Menu\Programs\Immersive Control Panel.lnk,2017-09-29 13:43:11,2017-09-29 13:43:11,2021-01-17 15:28:46,,,,0,,%HOMEDRIVE%%HOMEPATH%,0,"HasName, HasWorkingDir, HasIconLocation, IsUnicode, ForceNoLinkInfo, HasExpString, PreferEnvironmentPath",(None),,,,,,,,,,,,,,"PropertyStoreDataBlock, EnvironmentVariableDataBlock"
M:\Forensics\Lone Wolf 2018\KAPE\tout\D\ProgramData\Microsoft\Windows\Start Menu\Programs\OneNote 2016.lnk,2018-03-27 09:45:34,2018-03-27 09:45:34,2021-01-17 15:28:46,2018-03-27 09:36:50,2018-03-27 09:36:50,2018-03-27 09:36:50,1985200,..\..\..\..\..\Program Files (x86)\Microsoft Office\root\Office16\ONENOTE.EXE,,"FileAttributeArchive, FileAttributeSparseFile","HasTargetIdList, HasLinkInfo, HasName, HasRelativePath, HasIconLocation, IsUnicode, HasExpIcon",Fixed storage media (Hard drive),AA920881,,C:\Program Files (x86)\Microsoft Office\root\Office16\ONENOTE.EXE,,,,My Computer\C:\Program Files (x86)\Microsoft Office\root\Office16\ONENOTE.EXE,0x168BA,0x2,desktop-pm6c56d,ec:f4:bb:48:7f:ed,DELL,2018-03-27 12:13:12,"IconEnvironmentDataBlock, SpecialFolderDataBlock, KnownFolderDataBlock, TrackerDataBaseBlock, PropertyStoreDataBlock"
M:\Forensics\Lone Wolf 2018\KAPE\tout\D\ProgramData\Microsoft\Windows\Start Menu\Programs\Outlook 2016.lnk,2018-03-27 09:45:34,2018-03-27 09:45:34,2021-01-17 15:28:46,2018-03-27 09:36:42,2018-03-27 09:38:27,2018-03-27 09:36:42,25180328,..\..\..\..\..\Program Files (x86)\Microsoft Office\root\Office16\OUTLOOK.EXE,,"FileAttributeArchive, FileAttributeSparseFile","HasTargetIdList, HasLinkInfo, HasName, HasRelativePath, HasIconLocation, IsUnicode, HasExpIcon",Fixed storage media (Hard drive),AA920881,,C:\Program Files (x86)\Microsoft Office\root\Office16\OUTLOOK.EXE,,,,My Computer\C:\Program Files (x86)\Microsoft Office\root\Office16\OUTLOOK.EXE,0x158F8,0x2,desktop-pm6c56d,ec:f4:bb:48:7f:ed,DELL,2018-03-27 12:13:12,"IconEnvironmentDataBlock, SpecialFolderDataBlock, KnownFolderDataBlock, TrackerDataBaseBlock, PropertyStoreDataBlock"
M:\Forensics\Lone Wolf 2018\KAPE\tout\D\ProgramData\Microsoft\Windows\Start Menu\Programs\PowerPoint 2016.lnk,2018-03-27 09:45:34,2018-03-27 09:45:34,2021-01-17 15:28:46,2018-03-27 09:36:35,2018-03-27 09:36:35,2018-03-27 09:36:35,1860784,..\..\..\..\..\Program Files (x86)\Microsoft Office\root\Office16\POWERPNT.EXE,,"FileAttributeArchive, FileAttributeSparseFile","HasTargetIdList, HasLinkInfo, HasName, HasRelativePath, HasIconLocation, IsUnicode, HasExpIcon",Fixed storage media (Hard drive),AA920881,,C:\Program Files (x86)\Microsoft Office\root\Office16\POWERPNT.EXE,,,,My Computer\C:\Program Files (x86)\Microsoft Office\root\Office16\POWERPNT.EXE,0x167AF,0x3,desktop-pm6c56d,ec:f4:bb:48:7f:ed,DELL,2018-03-27 12:13:12,"IconEnvironmentDataBlock, SpecialFolderDataBlock, KnownFolderDataBlock, TrackerDataBaseBlock, PropertyStoreDataBlock"
M:\Forensics\Lone Wolf 2018\KAPE\tout\D\ProgramData\Microsoft\Windows\Start Menu\Programs\Publisher 2016.lnk,2018-03-27 09:45:34,2018-03-27 09:45:34,2021-01-17 15:28:46,2018-03-27 09:36:06,2018-03-27 09:36:06,2018-03-27 09:36:06,9675952,..\..\..\..\..\Program Files (x86)\Microsoft Office\root\Office16\MSPUB.EXE,,"FileAttributeArchive, FileAttributeSparseFile","HasTargetIdList, HasLinkInfo, HasName, HasRelativePath, HasIconLocation, IsUnicode, HasExpIcon",Fixed storage media (Hard drive),AA920881,,C:\Program Files (x86)\Microsoft Office\root\Office16\MSPUB.EXE,,,,My Computer\C:\Program Files (x86)\Microsoft Office\root\Office16\MSPUB.EXE,0x1B61F,0x23,desktop-pm6c56d,ec:f4:bb:48:7f:ed,DELL,2018-03-27 12:13:12,"IconEnvironmentDataBlock, SpecialFolderDataBlock, KnownFolderDataBlock, TrackerDataBaseBlock, PropertyStoreDataBlock"
M:\Forensics\Lone Wolf 2018\KAPE\tout\D\ProgramData\Microsoft\Windows\Start Menu\Programs\Skype for Business 2016.lnk,2018-03-27 09:45:34,2018-03-27 09:45:34,2021-01-17 15:28:46,2018-03-27 09:36:57,2018-03-27 09:36:57,2018-03-27 09:36:57,23602864,..\..\..\..\..\Program Files (x86)\Microsoft Office\root\Office16\lync.exe,,"FileAttributeArchive, FileAttributeSparseFile","HasTargetIdList, HasLinkInfo, HasName, HasRelativePath, HasIconLocation, IsUnicode, HasExpIcon",Fixed storage media (Hard drive),AA920881,,C:\Program Files (x86)\Microsoft Office\root\Office16\lync.exe,,,,My Computer\C:\Program Files (x86)\Microsoft Office\root\Office16\lync.exe,0x169BF,0x2,desktop-pm6c56d,ec:f4:bb:48:7f:ed,DELL,2018-03-27 12:13:12,"IconEnvironmentDataBlock, SpecialFolderDataBlock, KnownFolderDataBlock, TrackerDataBaseBlock, PropertyStoreDataBlock"
M:\Forensics\Lone Wolf 2018\KAPE\tout\D\ProgramData\Microsoft\Windows\Start Menu\Programs\Word 2016.lnk,2018-03-27 09:45:34,2018-03-27 09:45:34,2021-01-17 15:28:46,2018-03-27 09:36:17,2018-03-27 09:36:17,2018-03-27 09:36:17,1937584,..\..\..\..\..\Program Files (x86)\Microsoft Office\root\Office16\WINWORD.EXE,,"FileAttributeArchive, FileAttributeSparseFile","HasTargetIdList, HasLinkInfo, HasName, HasRelativePath, HasIconLocation, IsUnicode, HasExpIcon",Fixed storage media (Hard drive),AA920881,,C:\Program Files (x86)\Microsoft Office\root\Office16\WINWORD.EXE,,,,My Computer\C:\Program Files (x86)\Microsoft Office\root\Office16\WINWORD.EXE,0x1DD06,0x1,desktop-pm6c56d,ec:f4:bb:48:7f:ed,DELL,2018-03-27 12:13:12,"IconEnvironmentDataBlock, SpecialFolderDataBlock, KnownFolderDataBlock, TrackerDataBaseBlock, PropertyStoreDataBlock"
M:\Forensics\Lone Wolf 2018\KAPE\tout\D\Users\Default\AppData\Roaming\Microsoft\Internet Explorer\Quick Launch\Shows Desktop.lnk,2017-09-29 13:42:08,2017-09-29 13:42:08,2021-01-17 15:28:46,,,,0,,,0,"HasTargetIdList, HasName, HasIconLocation, IsUnicode, ForceNoLinkInfo",(None),,,,,,,Show Desktop,,,,,,,PropertyStoreDataBlock
M:\Forensics\Lone Wolf 2018\KAPE\tout\D\Users\Default\AppData\Roaming\Microsoft\Internet Explorer\Quick Launch\Window Switcher.lnk,2017-09-29 13:42:08,2017-09-29 13:42:08,2021-01-17 15:28:46,,,,0,,,0,"HasTargetIdList, HasName, HasIconLocation, IsUnicode, ForceNoLinkInfo",(None),,,,,,,Window Switcher,,,,,,,PropertyStoreDataBlock
M:\Forensics\Lone Wolf 2018\KAPE\tout\D\Users\jcloudy\AppData\Roaming\Microsoft\Internet Explorer\Quick Launch\Google Chrome.lnk,2018-03-27 09:32:50,2018-03-27 09:50:13,2021-01-17 15:28:46,2018-03-27 09:32:50,2018-03-20 05:59:56,2018-03-27 09:32:50,1589592,..\..\..\..\..\..\..\Program Files (x86)\Google\Chrome\Application\chrome.exe,C:\Program Files (x86)\Google\Chrome\Application,FileAttributeArchive,"HasTargetIdList, HasLinkInfo, HasName, HasRelativePath, HasWorkingDir, HasIconLocation, IsUnicode, HasExpIcon",Fixed storage media (Hard drive),AA920881,,C:\Program Files (x86)\Google\Chrome\Application\chrome.exe,,,,My Computer\C:\Program Files (x86)\Google\Chrome\Application\chrome.exe,0x18FC5,0x2,desktop-pm6c56d,ec:f4:bb:48:7f:ed,DELL,2018-03-27 12:13:12,"IconEnvironmentDataBlock, SpecialFolderDataBlock, KnownFolderDataBlock, TrackerDataBaseBlock, PropertyStoreDataBlock"
M:\Forensics\Lone Wolf 2018\KAPE\tout\D\Users\jcloudy\AppData\Roaming\Microsoft\Office\Recent\AIRPORT INFORMATION.LNK,2018-03-30 02:29:57,2018-04-04 05:02:14,2021-01-17 15:28:46,2018-03-30 02:29:57,2018-04-04 04:59:32,2018-04-04 04:59:32,172684,..\..\..\..\..\Desktop\AIRPORT INFORMATION.docx,,FileAttributeArchive,"HasTargetIdList, HasLinkInfo, HasRelativePath, IsUnicode",Fixed storage media (Hard drive),AA920881,,C:\Users\jcloudy\Desktop\AIRPORT INFORMATION.docx,,,,AIRPORT INFORMATION.docx,0x22812,0x7E,desktop-pm6c56d,28:e3:47:01:77:77,LITEON,2018-03-27 21:45:39,"TrackerDataBaseBlock, PropertyStoreDataBlock"
M:\Forensics\Lone Wolf 2018\KAPE\tout\D\Users\jcloudy\AppData\Roaming\Microsoft\Office\Recent\Cloudy thoughts (4apr).LNK,2018-04-05 02:39:30,2018-04-05 02:39:30,2021-01-17 15:28:46,2018-04-05 02:39:29,2018-04-05 02:39:30,2018-04-05 02:39:30,12547,..\..\..\..\..\Desktop\Cloudy thoughts (4apr).docx,,FileAttributeArchive,"HasTargetIdList, HasLinkInfo, HasRelativePath, IsUnicode",Fixed storage media (Hard drive),AA920881,,C:\Users\jcloudy\Desktop\Cloudy thoughts (4apr).docx,,,,Cloudy thoughts (4apr).docx,0x21C18,0x7,desktop-pm6c56d,28:e3:47:01:77:77,LITEON,2018-04-04 06:24:29,"TrackerDataBaseBlock, PropertyStoreDataBlock"
M:\Forensics\Lone Wolf 2018\KAPE\tout\D\Users\jcloudy\AppData\Roaming\Microsoft\Office\Recent\Desktop.LNK,2018-03-30 02:16:48,2018-04-05 02:39:29,2021-01-17 15:28:46,2018-03-27 09:18:58,2018-04-05 02:39:29,2018-04-05 02:39:29,8192,..\..\..\..\..\Desktop,,"FileAttributeReadonly, FileAttributeDirectory","HasTargetIdList, HasLinkInfo, HasRelativePath, IsUnicode",Fixed storage media (Hard drive),AA920881,,C:\Users\jcloudy\Desktop,,,,,,,desktop-pm6c56d,ec:f4:bb:48:7f:ed,DELL,2018-03-27 12:13:12,"TrackerDataBaseBlock, PropertyStoreDataBlock"
M:\Forensics\Lone Wolf 2018\KAPE\tout\D\Users\jcloudy\AppData\Roaming\Microsoft\Office\Recent\Operation 2nd Hand Smoke.LNK,2018-04-04 04:56:20,2018-04-04 05:00:30,2021-01-17 15:28:46,2018-04-04 04:56:19,2018-04-04 04:56:19,2018-04-04 04:56:19,3853056,..\..\..\..\..\Desktop\Operation 2nd Hand Smoke.pptx,,FileAttributeArchive,"HasTargetIdList, HasLinkInfo, HasRelativePath, IsUnicode",Fixed storage media (Hard drive),AA920881,,C:\Users\jcloudy\Desktop\Operation 2nd Hand Smoke.pptx,,,,Operation 2nd Hand Smoke.pptx,0x2355F,0x4,desktop-pm6c56d,28:e3:47:01:77:77,LITEON,2018-03-30 05:03:09,"TrackerDataBaseBlock, PropertyStoreDataBlock"
M:\Forensics\Lone Wolf 2018\KAPE\tout\D\Users\jcloudy\AppData\Roaming\Microsoft\Office\Recent\Planning (2).LNK,2018-03-31 19:51:30,2018-03-31 19:51:30,2021-01-17 15:28:46,2018-03-30 02:16:48,2018-03-31 17:54:44,2018-03-31 17:54:44,13917,..\..\..\..\..\Desktop\Planning.docx,,FileAttributeArchive,"HasTargetIdList, HasLinkInfo, HasRelativePath, IsUnicode",Fixed storage media (Hard drive),AA920881,,C:\Users\jcloudy\Desktop\Planning.docx,,,,Planning.docx,0x221F0,0x5,desktop-pm6c56d,28:e3:47:01:77:77,LITEON,2018-03-27 21:45:39,"TrackerDataBaseBlock, PropertyStoreDataBlock"
M:\Forensics\Lone Wolf 2018\KAPE\tout\D\Users\jcloudy\AppData\Roaming\Microsoft\Office\Recent\Planning.LNK,2018-03-30 02:16:49,2018-04-05 07:02:27,2021-01-17 15:28:46,2018-03-30 02:16:48,2018-04-04 05:30:41,2018-04-04 05:30:41,14060,..\..\..\..\..\Desktop\Planning.docx,,FileAttributeArchive,"HasTargetIdList, HasLinkInfo, HasRelativePath, IsUnicode",Fixed storage media (Hard drive),AA920881,,C:\Users\jcloudy\Desktop\Planning.docx,,,,Planning.docx,0x21336,0x6,desktop-pm6c56d,28:e3:47:01:77:77,LITEON,2018-03-27 21:45:39,"TrackerDataBaseBlock, PropertyStoreDataBlock"
M:\Forensics\Lone Wolf 2018\KAPE\tout\D\Users\jcloudy\AppData\Roaming\Microsoft\Office\Recent\rootkey.LNK,2018-04-06 12:27:07,2018-04-06 12:27:07,2021-01-17 15:28:46,2018-03-27 23:59:20,2018-03-27 23:59:20,2018-03-27 23:59:20,90,..\..\..\..\..\Downloads\rootkey.csv,,FileAttributeArchive,"HasTargetIdList, HasLinkInfo, HasRelativePath, IsUnicode",Fixed storage media (Hard drive),AA920881,,C:\Users\jcloudy\Downloads\rootkey.csv,,,,My Computer\C:\Users\jcloudy\Downloads\rootkey.csv,0x22044,0x11,desktop-pm6c56d,28:e3:47:01:77:77,LITEON,2018-04-06 07:50:45,"KnownFolderDataBlock, TrackerDataBaseBlock, PropertyStoreDataBlock"
M:\Forensics\Lone Wolf 2018\KAPE\tout\D\Users\jcloudy\AppData\Roaming\Microsoft\Office\Recent\Templates.LNK,2018-03-30 02:32:56,2018-04-04 05:30:41,2021-01-17 15:28:46,2018-03-30 02:15:51,2018-04-04 05:30:41,2018-04-04 05:30:41,4096,..\..\Templates,,FileAttributeDirectory,"HasTargetIdList, HasLinkInfo, HasRelativePath, IsUnicode",Fixed storage media (Hard drive),AA920881,,C:\Users\jcloudy\AppData\Roaming\Microsoft\Templates,,,,My Computer\C:\Users\jcloudy\AppData\Roaming\Microsoft\Templates,0x20242,0x7,desktop-pm6c56d,28:e3:47:01:77:77,LITEON,2018-03-27 21:45:39,"SpecialFolderDataBlock, KnownFolderDataBlock, TrackerDataBaseBlock, PropertyStoreDataBlock"
M:\Forensics\Lone Wolf 2018\KAPE\tout\D\Users\jcloudy\AppData\Roaming\Microsoft\Windows\Recent\AIRPORT INFORMATION.lnk,2018-03-30 02:29:57,2018-04-04 05:11:46,2021-01-17 15:28:46,2018-03-30 02:29:57,2018-04-04 04:59:32,2018-04-04 04:59:32,172684,..\..\..\..\..\Desktop\AIRPORT INFORMATION.docx,C:\Users\jcloudy\Desktop,FileAttributeArchive,"HasTargetIdList, HasLinkInfo, HasRelativePath, HasWorkingDir, IsUnicode, DisableKnownFolderTracking",Fixed storage media (Hard drive),AA920881,,C:\Users\jcloudy\Desktop\AIRPORT INFORMATION.docx,,,,My Computer\Desktop\AIRPORT INFORMATION.docx,0x2079F,0x8,desktop-pm6c56d,28:e3:47:01:77:77,LITEON,2018-03-27 21:45:39,"TrackerDataBaseBlock, PropertyStoreDataBlock"
M:\Forensics\Lone Wolf 2018\KAPE\tout\D\Users\jcloudy\AppData\Roaming\Microsoft\Windows\Recent\AMEN.lnk,2018-04-06 03:55:00,2018-04-06 03:55:00,2021-01-17 15:28:46,,,,0,..\..\..\..\..\Desktop\AMEN.pdf,C:\Users\jcloudy\Desktop,0,"HasTargetIdList, HasLinkInfo, HasRelativePath, HasWorkingDir, IsUnicode, DisableKnownFolderTracking",Fixed storage media (Hard drive),AA920881,,C:\Users\jcloudy\Desktop\AMEN.pdf,,,,My Computer\Desktop\AMEN.pdf,0x0,,,,,,
M:\Forensics\Lone Wolf 2018\KAPE\tout\D\Users\jcloudy\AppData\Roaming\Microsoft\Windows\Recent\BladeofGrass.lnk,2018-03-31 04:15:53,2018-03-31 04:15:53,2021-01-17 15:28:46,,,,0,..\..\..\..\..\Desktop\BladeofGrass.jpg,C:\Users\jcloudy\Desktop,0,"HasTargetIdList, HasLinkInfo, HasRelativePath, HasWorkingDir, IsUnicode, DisableKnownFolderTracking",Fixed storage media (Hard drive),AA920881,,C:\Users\jcloudy\Desktop\BladeofGrass.jpg,,,,My Computer\Desktop\BladeofGrass.jpg,0x0,,,,,,
M:\Forensics\Lone Wolf 2018\KAPE\tout\D\Users\jcloudy\AppData\Roaming\Microsoft\Windows\Recent\CloudLog (D).lnk,2018-03-27 09:23:14,2018-03-27 09:23:15,2021-01-17 15:28:46,1980-01-01 04:00:00,1980-01-01 04:00:00,1980-01-01 04:00:00,0,,,FileAttributeDirectory,"HasTargetIdList, HasLinkInfo, IsUnicode, DisableKnownFolderTracking","Removable storage media (Floppy, USB)",4C36F4AC,CloudLog,D:\,,,,D:\,,,,,,,
M:\Forensics\Lone Wolf 2018\KAPE\tout\D\Users\jcloudy\AppData\Roaming\Microsoft\Windows\Recent\Cloudy thoughts (4apr).lnk,2018-04-05 02:39:29,2018-04-05 02:41:01,2021-01-17 15:28:46,2018-04-05 02:39:29,2018-04-05 02:39:30,2018-04-05 02:39:30,12547,..\..\..\..\..\Desktop\Cloudy thoughts (4apr).docx,C:\Users\jcloudy\Desktop,FileAttributeArchive,"HasTargetIdList, HasLinkInfo, HasRelativePath, HasWorkingDir, IsUnicode, DisableKnownFolderTracking",Fixed storage media (Hard drive),AA920881,,C:\Users\jcloudy\Desktop\Cloudy thoughts (4apr).docx,,,,My Computer\Desktop\Cloudy thoughts (4apr).docx,0x21C18,0x7,desktop-pm6c56d,28:e3:47:01:77:77,LITEON,2018-04-04 06:24:29,"TrackerDataBaseBlock, PropertyStoreDataBlock"
M:\Forensics\Lone Wolf 2018\KAPE\tout\D\Users\jcloudy\AppData\Roaming\Microsoft\Windows\Recent\CubaDearmed.jpg_large.lnk,2018-03-30 21:22:55,2018-03-30 21:22:55,2021-01-17 15:28:46,,,,0,..\..\..\..\..\Desktop\CubaDearmed.jpg_large,C:\Users\jcloudy\Desktop,0,"HasTargetIdList, HasLinkInfo, HasRelativePath, HasWorkingDir, IsUnicode, DisableKnownFolderTracking",Fixed storage media (Hard drive),AA920881,,C:\Users\jcloudy\Desktop\CubaDearmed.jpg_large,,,,My Computer\Desktop\CubaDearmed.jpg_large,0x0,,,,,,
"M:\Forensics\Lone Wolf 2018\KAPE\tout\D\Users\jcloudy\AppData\Roaming\Microsoft\Windows\Recent\Cubs' Anthony Rizzo Praises Parkland Kids, Says 'It's too Easy to Get a Gun'.lnk",2018-03-30 04:32:25,2018-03-30 04:32:26,2021-01-17 15:28:46,,,,0,"..\..\..\..\..\Desktop\Cubs' Anthony Rizzo Praises Parkland Kids, Says 'It's too Easy to Get a Gun'.html",C:\Users\jcloudy\Desktop,0,"HasTargetIdList, HasLinkInfo, HasRelativePath, HasWorkingDir, IsUnicode, DisableKnownFolderTracking",Fixed storage media (Hard drive),AA920881,,"C:\Users\jcloudy\Desktop\Cubs' Anthony Rizzo Praises Parkland Kids, Says 'It's too Easy to Get a Gun'.html",,,,"My Computer\Desktop\Cubs' Anthony Rizzo Praises Parkland Kids, Says 'It's too Easy to Get a Gun'.html",0x0,,,,,,
M:\Forensics\Lone Wolf 2018\KAPE\tout\D\Users\jcloudy\AppData\Roaming\Microsoft\Windows\Recent\DarkWolf.lnk,2018-03-30 03:33:50,2018-03-30 03:33:50,2021-01-17 15:28:46,,,,0,..\..\..\..\..\Desktop\DarkWolf.png,C:\Users\jcloudy\Desktop,0,"HasTargetIdList, HasLinkInfo, HasRelativePath, HasWorkingDir, IsUnicode, DisableKnownFolderTracking",Fixed storage media (Hard drive),AA920881,,C:\Users\jcloudy\Desktop\DarkWolf.png,,,,My Computer\Desktop\DarkWolf.png,0x0,,,,,,
M:\Forensics\Lone Wolf 2018\KAPE\tout\D\Users\jcloudy\AppData\Roaming\Microsoft\Windows\Recent\DeathToll.lnk,2018-03-31 04:16:22,2018-04-02 01:10:19,2021-01-17 15:28:46,2018-03-31 04:16:22,2018-03-31 04:16:22,2018-03-31 04:16:11,61596,..\..\..\..\..\Desktop\DeathToll.jpg,C:\Users\jcloudy\Desktop,FileAttributeArchive,"HasTargetIdList, HasLinkInfo, HasRelativePath, HasWorkingDir, IsUnicode, DisableKnownFolderTracking",Fixed storage media (Hard drive),AA920881,,C:\Users\jcloudy\Desktop\DeathToll.jpg,,,,My Computer\Desktop\DeathToll.jpg,0x0,,desktop-pm6c56d,28:e3:47:01:77:77,LITEON,2018-03-30 05:03:09,"TrackerDataBaseBlock, PropertyStoreDataBlock"
M:\Forensics\Lone Wolf 2018\KAPE\tout\D\Users\jcloudy\AppData\Roaming\Microsoft\Windows\Recent\DemGun.lnk,2018-03-29 23:17:51,2018-04-06 08:29:08,2021-01-17 15:28:46,2018-03-29 23:17:51,2018-03-29 23:17:52,2018-03-29 23:17:40,124847,..\..\..\..\..\Downloads\DemGun.jpg,C:\Users\jcloudy\Downloads,FileAttributeArchive,"HasTargetIdList, HasLinkInfo, HasRelativePath, HasWorkingDir, IsUnicode, DisableKnownFolderTracking",Fixed storage media (Hard drive),AA920881,,C:\Users\jcloudy\Downloads\DemGun.jpg,,,,My Computer\Downloads\DemGun.jpg,0x22350,0x5,desktop-pm6c56d,28:e3:47:01:77:77,LITEON,2018-04-06 07:50:45,"TrackerDataBaseBlock, PropertyStoreDataBlock"
M:\Forensics\Lone Wolf 2018\KAPE\tout\D\Users\jcloudy\AppData\Roaming\Microsoft\Windows\Recent\DemLogic.lnk,2018-03-31 04:19:35,2018-03-31 04:19:35,2021-01-17 15:28:46,,,,0,..\..\..\..\..\Desktop\DemLogic.jpg,C:\Users\jcloudy\Desktop,0,"HasTargetIdList, HasLinkInfo, HasRelativePath, HasWorkingDir, IsUnicode, DisableKnownFolderTracking",Fixed storage media (Hard drive),AA920881,,C:\Users\jcloudy\Desktop\DemLogic.jpg,,,,My Computer\Desktop\DemLogic.jpg,0x0,,,,,,
M:\Forensics\Lone Wolf 2018\KAPE\tout\D\Users\jcloudy\AppData\Roaming\Microsoft\Windows\Recent\Desktop.lnk,2018-04-05 02:24:19,2018-04-05 02:24:19,2021-01-17 15:28:46,2018-03-27 09:18:58,2018-04-05 02:20:17,2018-04-05 02:20:17,8192,..\..\..\..\..\Desktop,,"FileAttributeReadonly, FileAttributeDirectory","HasTargetIdList, HasLinkInfo, HasRelativePath, IsUnicode, DisableKnownFolderTracking",Fixed storage media (Hard drive),AA920881,,C:\Users\jcloudy\Desktop,,,,My Computer\Desktop,,,desktop-pm6c56d,ec:f4:bb:48:7f:ed,DELL,2018-03-27 12:13:12,"TrackerDataBaseBlock, PropertyStoreDataBlock"
M:\Forensics\Lone Wolf 2018\KAPE\tout\D\Users\jcloudy\AppData\Roaming\Microsoft\Windows\Recent\Downloads.lnk,2018-03-29 23:17:51,2018-04-06 12:27:08,2021-01-17 15:28:46,2018-03-27 09:18:58,2018-04-06 08:30:22,2018-04-06 08:30:22,65536,..\..\..\..\..\Downloads,,"FileAttributeReadonly, FileAttributeDirectory","HasTargetIdList, HasLinkInfo, HasRelativePath, IsUnicode, DisableKnownFolderTracking",Fixed storage media (Hard drive),AA920881,,C:\Users\jcloudy\Downloads,,,,My Computer\Downloads,,,desktop-pm6c56d,ec:f4:bb:48:7f:ed,DELL,2018-03-27 12:13:12,"TrackerDataBaseBlock, PropertyStoreDataBlock"
M:\Forensics\Lone Wolf 2018\KAPE\tout\D\Users\jcloudy\AppData\Roaming\Microsoft\Windows\Recent\Getting started with OneDrive.lnk,2018-03-27 09:51:12,2018-03-27 09:51:12,2021-01-17 15:28:46,2018-03-27 09:50:14,2018-03-03 08:03:14,2018-03-27 09:50:15,398083,..\..\..\..\..\OneDrive\Getting started with OneDrive.pdf,C:\Users\jcloudy\OneDrive,FileAttributeArchive,"HasTargetIdList, HasLinkInfo, HasRelativePath, HasWorkingDir, IsUnicode, DisableKnownFolderTracking",Fixed storage media (Hard drive),AA920881,,C:\Users\jcloudy\OneDrive\Getting started with OneDrive.pdf,,,,OneDrive\Getting started with OneDrive.pdf,0x16E37,0x2,desktop-pm6c56d,ec:f4:bb:48:7f:ed,DELL,2018-03-27 12:13:12,"TrackerDataBaseBlock, PropertyStoreDataBlock"
M:\Forensics\Lone Wolf 2018\KAPE\tout\D\Users\jcloudy\AppData\Roaming\Microsoft\Windows\Recent\Hardware and Sound.lnk,2018-04-06 08:31:50,2018-04-06 08:31:50,2021-01-17 15:28:46,,,,0,,,0,"HasTargetIdList, IsUnicode, DisableKnownFolderTracking",(None),,,,,,,Control Panel\Hardware and Sound,,,,,,,
M:\Forensics\Lone Wolf 2018\KAPE\tout\D\Users\jcloudy\AppData\Roaming\Microsoft\Windows\Recent\HoldMyTidePod.jpg_large.lnk,2018-03-30 03:29:20,2018-03-30 03:29:20,2021-01-17 15:28:46,,,,0,..\..\..\..\..\Desktop\HoldMyTidePod.jpg_large,C:\Users\jcloudy\Desktop,0,"HasTargetIdList, HasLinkInfo, HasRelativePath, HasWorkingDir, IsUnicode, DisableKnownFolderTracking",Fixed storage media (Hard drive),AA920881,,C:\Users\jcloudy\Desktop\HoldMyTidePod.jpg_large,,,,My Computer\Desktop\HoldMyTidePod.jpg_large,0x0,,,,,,
M:\Forensics\Lone Wolf 2018\KAPE\tout\D\Users\jcloudy\AppData\Roaming\Microsoft\Windows\Recent\HoldMyTidePod.lnk,2018-04-02 01:12:41,2018-04-02 01:12:41,2021-01-17 15:28:46,2018-03-30 03:29:20,2018-03-30 03:29:20,2018-03-30 03:29:02,43525,..\..\..\..\..\Desktop\HoldMyTidePod.jpg,C:\Users\jcloudy\Desktop,FileAttributeArchive,"HasTargetIdList, HasLinkInfo, HasRelativePath, HasWorkingDir, IsUnicode, DisableKnownFolderTracking",Fixed storage media (Hard drive),AA920881,,C:\Users\jcloudy\Desktop\HoldMyTidePod.jpg,,,,My Computer\Desktop\HoldMyTidePod.jpg,0x22CF1,0x7,desktop-pm6c56d,28:e3:47:01:77:77,LITEON,2018-03-30 05:03:09,"TrackerDataBaseBlock, PropertyStoreDataBlock"
M:\Forensics\Lone Wolf 2018\KAPE\tout\D\Users\jcloudy\AppData\Roaming\Microsoft\Windows\Recent\Huckleberry.lnk,2018-03-31 04:23:25,2018-03-31 04:23:25,2021-01-17 15:28:46,,,,0,..\..\..\..\..\Desktop\Huckleberry.png,C:\Users\jcloudy\Desktop,0,"HasTargetIdList, HasLinkInfo, HasRelativePath, HasWorkingDir, IsUnicode, DisableKnownFolderTracking",Fixed storage media (Hard drive),AA920881,,C:\Users\jcloudy\Desktop\Huckleberry.png,,,,My Computer\Desktop\Huckleberry.png,0x0,,,,,,
M:\Forensics\Lone Wolf 2018\KAPE\tout\D\Users\jcloudy\AppData\Roaming\Microsoft\Windows\Recent\key.lnk,2018-03-27 09:23:14,2018-03-27 09:23:14,2021-01-17 15:28:46,2018-03-22 03:05:22,2018-03-22 03:05:24,2018-03-22 03:05:24,183,,D:\,FileAttributeArchive,"HasTargetIdList, HasLinkInfo, HasWorkingDir, IsUnicode, DisableKnownFolderTracking","Removable storage media (Floppy, USB)",4C36F4AC,CloudLog,D:\key.txt,,,,D:\\key.txt,0x318200,,,,,,
M:\Forensics\Lone Wolf 2018\KAPE\tout\D\Users\jcloudy\AppData\Roaming\Microsoft\Windows\Recent\Larry King_ Time to Repeal the 'Poorly Written' Second Amendment.lnk,2018-03-30 04:29:48,2018-03-30 04:29:48,2021-01-17 15:28:46,,,,0,..\..\..\..\..\Desktop\Larry King_ Time to Repeal the 'Poorly Written' Second Amendment.html,C:\Users\jcloudy\Desktop,0,"HasTargetIdList, HasLinkInfo, HasRelativePath, HasWorkingDir, IsUnicode, DisableKnownFolderTracking",Fixed storage media (Hard drive),AA920881,,C:\Users\jcloudy\Desktop\Larry King_ Time to Repeal the 'Poorly Written' Second Amendment.html,,,,My Computer\Desktop\Larry King_ Time to Repeal the 'Poorly Written' Second Amendment.html,0x0,,,,,,
M:\Forensics\Lone Wolf 2018\KAPE\tout\D\Users\jcloudy\AppData\Roaming\Microsoft\Windows\Recent\LeftUsesBoycotts.lnk,2018-04-06 03:56:32,2018-04-06 03:56:32,2021-01-17 15:28:46,,,,0,..\..\..\..\..\Desktop\LeftUsesBoycotts.pdf,C:\Users\jcloudy\Desktop,0,"HasTargetIdList, HasLinkInfo, HasRelativePath, HasWorkingDir, IsUnicode, DisableKnownFolderTracking",Fixed storage media (Hard drive),AA920881,,C:\Users\jcloudy\Desktop\LeftUsesBoycotts.pdf,,,,My Computer\Desktop\LeftUsesBoycotts.pdf,0x0,,,,,,
M:\Forensics\Lone Wolf 2018\KAPE\tout\D\Users\jcloudy\AppData\Roaming\Microsoft\Windows\Recent\ms-settingsdefaultapps.lnk,2018-03-27 23:39:13,2018-03-27 23:39:13,2021-01-17 15:28:46,,,,0,,,0,"HasTargetIdList, IsUnicode, DisableKnownFolderTracking",(None),,,,,,,Internet Explorer (Homepage)\ms-settings:defaultapps,,,,,,,
M:\Forensics\Lone Wolf 2018\KAPE\tout\D\Users\jcloudy\AppData\Roaming\Microsoft\Windows\Recent\ms-settingswindowsupdate.lnk,2018-03-27 09:27:12,2018-03-27 09:27:12,2021-01-17 15:28:46,,,,0,,,0,"HasTargetIdList, IsUnicode, DisableKnownFolderTracking",(None),,,,,,,Internet Explorer (Homepage)\ms-settings:windowsupdate,,,,,,,
M:\Forensics\Lone Wolf 2018\KAPE\tout\D\Users\jcloudy\AppData\Roaming\Microsoft\Windows\Recent\ms-windows-storepdpProductId=9WZDNCRFJ1P3&ocid=QF.lnk,2018-03-27 09:52:02,2018-03-27 09:52:02,2021-01-17 15:28:46,,,,0,,,0,"HasTargetIdList, IsUnicode, DisableKnownFolderTracking",(None),,,,,,,Internet Explorer (Homepage)\ms-windows-store:pdp?ProductId=9WZDNCRFJ1P3&ocid=QF,,,,,,,
M:\Forensics\Lone Wolf 2018\KAPE\tout\D\Users\jcloudy\AppData\Roaming\Microsoft\Windows\Recent\MyTiredHead.lnk,2018-03-30 03:31:10,2018-03-30 03:31:10,2021-01-17 15:28:46,,,,0,..\..\..\..\..\Desktop\MyTiredHead.jpg,C:\Users\jcloudy\Desktop,0,"HasTargetIdList, HasLinkInfo, HasRelativePath, HasWorkingDir, IsUnicode, DisableKnownFolderTracking",Fixed storage media (Hard drive),AA920881,,C:\Users\jcloudy\Desktop\MyTiredHead.jpg,,,,My Computer\Desktop\MyTiredHead.jpg,0x0,,,,,,
M:\Forensics\Lone Wolf 2018\KAPE\tout\D\Users\jcloudy\AppData\Roaming\Microsoft\Windows\Recent\OneDrive.lnk,2018-03-27 09:51:12,2018-04-05 02:01:58,2021-01-17 15:28:46,2018-03-27 09:21:44,2018-04-04 05:59:44,2018-04-04 05:59:44,4096,..\..\..\..\..\OneDrive,,"FileAttributeReadonly, FileAttributeDirectory","HasTargetIdList, HasLinkInfo, HasRelativePath, IsUnicode, DisableKnownFolderTracking",Fixed storage media (Hard drive),AA920881,,C:\Users\jcloudy\OneDrive,,,,OneDrive,,,desktop-pm6c56d,ec:f4:bb:48:7f:ed,DELL,2018-03-27 12:13:12,"TrackerDataBaseBlock, PropertyStoreDataBlock"
M:\Forensics\Lone Wolf 2018\KAPE\tout\D\Users\jcloudy\AppData\Roaming\Microsoft\Windows\Recent\Operation 2nd Hand Smoke.lnk,2018-04-04 04:56:19,2018-04-04 05:31:23,2021-01-17 15:28:46,2018-04-04 04:56:19,2018-04-04 05:11:27,2018-04-04 05:11:27,4408968,..\..\..\..\..\Desktop\Operation 2nd Hand Smoke.pptx,C:\Users\jcloudy\Desktop,FileAttributeArchive,"HasTargetIdList, HasLinkInfo, HasRelativePath, HasWorkingDir, IsUnicode, DisableKnownFolderTracking",Fixed storage media (Hard drive),AA920881,,C:\Users\jcloudy\Desktop\Operation 2nd Hand Smoke.pptx,,,,My Computer\Desktop\Operation 2nd Hand Smoke.pptx,0x2356D,0xE,desktop-pm6c56d,28:e3:47:01:77:77,LITEON,2018-03-30 05:03:09,"TrackerDataBaseBlock, PropertyStoreDataBlock"
M:\Forensics\Lone Wolf 2018\KAPE\tout\D\Users\jcloudy\AppData\Roaming\Microsoft\Windows\Recent\Planning.lnk,2018-03-30 02:16:48,2018-04-05 08:32:48,2021-01-17 15:28:46,2018-03-30 02:16:48,2018-04-04 05:30:41,2018-04-04 05:30:41,14060,..\..\..\..\..\Desktop\Planning.docx,C:\Users\jcloudy\Desktop,FileAttributeArchive,"HasTargetIdList, HasLinkInfo, HasRelativePath, HasWorkingDir, IsUnicode, DisableKnownFolderTracking",Fixed storage media (Hard drive),AA920881,,C:\Users\jcloudy\Desktop\Planning.docx,,,,My Computer\Desktop\Planning.docx,0x21336,0x6,desktop-pm6c56d,28:e3:47:01:77:77,LITEON,2018-03-27 21:45:39,"TrackerDataBaseBlock, PropertyStoreDataBlock"
M:\Forensics\Lone Wolf 2018\KAPE\tout\D\Users\jcloudy\AppData\Roaming\Microsoft\Windows\Recent\Power Options.lnk,2018-04-06 08:31:50,2018-04-06 08:31:50,2021-01-17 15:28:46,,,,0,,,0,"HasTargetIdList, IsUnicode, DisableKnownFolderTracking",(None),,,,,,,Control Panel\Hardware and Sound\Power Options,,,,,,,
M:\Forensics\Lone Wolf 2018\KAPE\tout\D\Users\jcloudy\AppData\Roaming\Microsoft\Windows\Recent\RedGuns.lnk,2018-03-31 04:16:59,2018-03-31 04:16:59,2021-01-17 15:28:46,,,,0,..\..\..\..\..\Desktop\RedGuns.jpg,C:\Users\jcloudy\Desktop,0,"HasTargetIdList, HasLinkInfo, HasRelativePath, HasWorkingDir, IsUnicode, DisableKnownFolderTracking",Fixed storage media (Hard drive),AA920881,,C:\Users\jcloudy\Desktop\RedGuns.jpg,,,,My Computer\Desktop\RedGuns.jpg,0x0,,,,,,
M:\Forensics\Lone Wolf 2018\KAPE\tout\D\Users\jcloudy\AppData\Roaming\Microsoft\Windows\Recent\rootkey.lnk,2018-04-06 12:27:08,2018-04-06 12:27:08,2021-01-17 15:28:46,2018-03-27 23:59:20,2018-03-27 23:59:20,2018-03-27 23:59:20,90,..\..\..\..\..\Downloads\rootkey.csv,C:\Users\jcloudy\Downloads,FileAttributeArchive,"HasTargetIdList, HasLinkInfo, HasRelativePath, HasWorkingDir, IsUnicode, DisableKnownFolderTracking",Fixed storage media (Hard drive),AA920881,,C:\Users\jcloudy\Downloads\rootkey.csv,,,,My Computer\Downloads\rootkey.csv,0x22044,0x11,desktop-pm6c56d,28:e3:47:01:77:77,LITEON,2018-04-06 07:50:45,"TrackerDataBaseBlock, PropertyStoreDataBlock"
M:\Forensics\Lone Wolf 2018\KAPE\tout\D\Users\jcloudy\AppData\Roaming\Microsoft\Windows\Recent\SelfDefenseisMurder.lnk,2018-04-05 05:48:40,2018-04-05 05:48:40,2021-01-17 15:28:46,,,,0,..\..\..\..\..\Desktop\SelfDefenseisMurder.pdf,C:\Users\jcloudy\Desktop,0,"HasTargetIdList, HasLinkInfo, HasRelativePath, HasWorkingDir, IsUnicode, DisableKnownFolderTracking",Fixed storage media (Hard drive),AA920881,,C:\Users\jcloudy\Desktop\SelfDefenseisMurder.pdf,,,,My Computer\Desktop\SelfDefenseisMurder.pdf,0x0,,,,,,
M:\Forensics\Lone Wolf 2018\KAPE\tout\D\Users\jcloudy\AppData\Roaming\Microsoft\Windows\Recent\Sheep.lnk,2018-03-30 03:32:40,2018-04-02 01:12:52,2021-01-17 15:28:46,2018-03-30 03:32:40,2018-03-30 03:32:40,2018-03-30 03:32:34,11073,..\..\..\..\..\Desktop\Sheep.jpg,C:\Users\jcloudy\Desktop,FileAttributeArchive,"HasTargetIdList, HasLinkInfo, HasRelativePath, HasWorkingDir, IsUnicode, DisableKnownFolderTracking",Fixed storage media (Hard drive),AA920881,,C:\Users\jcloudy\Desktop\Sheep.jpg,,,,My Computer\Desktop\Sheep.jpg,0x22D31,0xB,desktop-pm6c56d,28:e3:47:01:77:77,LITEON,2018-03-30 05:03:09,"TrackerDataBaseBlock, PropertyStoreDataBlock"
M:\Forensics\Lone Wolf 2018\KAPE\tout\D\Users\jcloudy\AppData\Roaming\Microsoft\Windows\Recent\System and Security.lnk,2018-03-27 09:32:20,2018-03-27 09:32:20,2021-01-17 15:28:46,,,,0,,,0,"HasTargetIdList, IsUnicode, DisableKnownFolderTracking",(None),,,,,,,Control Panel\System and Security,,,,,,,
M:\Forensics\Lone Wolf 2018\KAPE\tout\D\Users\jcloudy\AppData\Roaming\Microsoft\Windows\Recent\System.lnk,2018-03-27 09:32:20,2018-03-27 09:32:20,2021-01-17 15:28:46,,,,0,,,0,"HasTargetIdList, IsUnicode, DisableKnownFolderTracking",(None),,,,,,,Control Panel\System and Security\System,,,,,,,
M:\Forensics\Lone Wolf 2018\KAPE\tout\D\Users\jcloudy\AppData\Roaming\Microsoft\Windows\Recent\The Cloudy Manifesto.lnk,2018-04-02 01:35:27,2018-04-03 06:11:21,2021-01-17 15:28:46,2018-04-02 01:35:27,2018-04-02 01:35:27,2018-04-02 01:35:27,816313,..\..\..\..\..\Desktop\The Cloudy Manifesto.docx,C:\Users\jcloudy\Desktop,FileAttributeArchive,"HasTargetIdList, HasLinkInfo, HasRelativePath, HasWorkingDir, IsUnicode, DisableKnownFolderTracking",Fixed storage media (Hard drive),AA920881,,C:\Users\jcloudy\Desktop\The Cloudy Manifesto.docx,,,,My Computer\Desktop\The Cloudy Manifesto.docx,0x21337,0x4,desktop-pm6c56d,28:e3:47:01:77:77,LITEON,2018-03-30 05:03:09,"TrackerDataBaseBlock, PropertyStoreDataBlock"
M:\Forensics\Lone Wolf 2018\KAPE\tout\D\Users\jcloudy\AppData\Roaming\Microsoft\Windows\Recent\The Internet.lnk,2018-03-27 09:27:12,2018-03-27 23:39:13,2021-01-17 15:28:46,,,,0,,,0,"HasTargetIdList, IsUnicode, DisableKnownFolderTracking",(None),,,,,,,Internet Explorer (Homepage),,,,,,,
M:\Forensics\Lone Wolf 2018\KAPE\tout\D\Users\jcloudy\AppData\Roaming\Microsoft\Windows\Recent\UKknifeBan.lnk,2018-04-05 05:51:41,2018-04-05 05:51:41,2021-01-17 15:28:46,,,,0,..\..\..\..\..\Desktop\UKknifeBan.pdf,C:\Users\jcloudy\Desktop,0,"HasTargetIdList, HasLinkInfo, HasRelativePath, HasWorkingDir, IsUnicode, DisableKnownFolderTracking",Fixed storage media (Hard drive),AA920881,,C:\Users\jcloudy\Desktop\UKknifeBan.pdf,,,,My Computer\Desktop\UKknifeBan.pdf,0x0,,,,,,
M:\Forensics\Lone Wolf 2018\KAPE\tout\D\Users\jcloudy\AppData\Roaming\Microsoft\Internet Explorer\Quick Launch\User Pinned\TaskBar\File Explorer.lnk,2018-03-27 09:20:02,2017-09-29 13:42:08,2021-01-17 15:28:46,,,,0,,,0,"HasTargetIdList, HasName, HasIconLocation, IsUnicode, ForceNoLinkInfo",(None),,,,,,,Unmapped GUID: 52205fd8-5dfb-447d-801a-d0b52f2e83e1,,,,,,,PropertyStoreDataBlock
