HivePath,HiveType,Description,Category,KeyPath,ValueName,ValueType,ValueData,ValueData2,ValueData3,Comment,Recursive,Deleted,LastWriteTimestamp,PluginDetailFile
M:\Forensics\Lone Wolf 2018\KAPE\tout\D\Windows\System32\config\SECURITY,Security,Domain SID,System Info,ROOT\Policy\PolPrDmS,(default),RegNone,,,,,False,False,2018-03-27 12:11:54.4312341,
M:\Forensics\Lone Wolf 2018\KAPE\tout\D\Windows\System32\config\SOFTWARE,Software,Windows Defender Exclusions,System Info,ROOT\Microsoft\Windows Defender\Exclusions\Extensions,,,,,,,False,False,2018-03-27 21:45:45.3152735,
M:\Forensics\Lone Wolf 2018\KAPE\tout\D\Windows\System32\config\SOFTWARE,Software,Windows Defender Exclusions,System Info,ROOT\Microsoft\Windows Defender\Exclusions\Paths,,,,,,,False,False,2018-03-27 21:45:45.3157750,
M:\Forensics\Lone Wolf 2018\KAPE\tout\D\Windows\System32\config\SOFTWARE,Software,Windows Defender Exclusions,System Info,ROOT\Microsoft\Windows Defender\Exclusions\Processes,,,,,,,False,False,2018-03-27 21:45:45.3157750,
M:\Forensics\Lone Wolf 2018\KAPE\tout\D\Windows\System32\config\SOFTWARE,Software,Windows Defender Exclusions,System Info,ROOT\Microsoft\Windows Defender\Exclusions\TemporaryPaths,,,,,,,False,False,2018-03-27 21:45:45.3157750,
M:\Forensics\Lone Wolf 2018\KAPE\tout\D\Windows\System32\config\SOFTWARE,Software,Defender Real-Time Protection,System Info,ROOT\Microsoft\Windows Defender\Real-Time Protection,,,,,,,False,False,2018-03-27 21:45:45.3162749,
M:\Forensics\Lone Wolf 2018\KAPE\tout\D\Windows\System32\config\SOFTWARE,Software,BuildLab,System Info,ROOT\Microsoft\Windows NT\CurrentVersion,BuildLab,RegSz,16299.rs3_release.170928-1534,,,,False,False,2018-04-04 06:29:27.6962775,
M:\Forensics\Lone Wolf 2018\KAPE\tout\D\Windows\System32\config\SOFTWARE,Software,BuildLabEx,System Info,ROOT\Microsoft\Windows NT\CurrentVersion,BuildLabEx,RegSz,16299.15.amd64fre.rs3_release.170928-1534,,,,False,False,2018-04-04 06:29:27.6962775,
M:\Forensics\Lone Wolf 2018\KAPE\tout\D\Windows\System32\config\SOFTWARE,Software,BuildBranch,System Info,ROOT\Microsoft\Windows NT\CurrentVersion,BuildBranch,RegSz,rs3_release,,,,False,False,2018-04-04 06:29:27.6962775,
M:\Forensics\Lone Wolf 2018\KAPE\tout\D\Windows\System32\config\SOFTWARE,Software,BuildGUID,System Info,ROOT\Microsoft\Windows NT\CurrentVersion,BuildGUID,RegSz,ffffffff-ffff-ffff-ffff-ffffffffffff,,,,False,False,2018-04-04 06:29:27.6962775,
M:\Forensics\Lone Wolf 2018\KAPE\tout\D\Windows\System32\config\SOFTWARE,Software,CompositionEditionID,System Info,ROOT\Microsoft\Windows NT\CurrentVersion,CompositionEditionID,RegSz,Education,,,,False,False,2018-04-04 06:29:27.6962775,
M:\Forensics\Lone Wolf 2018\KAPE\tout\D\Windows\System32\config\SOFTWARE,Software,CurrentBuild,System Info,ROOT\Microsoft\Windows NT\CurrentVersion,CurrentBuild,RegSz,16299,,,,False,False,2018-04-04 06:29:27.6962775,
M:\Forensics\Lone Wolf 2018\KAPE\tout\D\Windows\System32\config\SOFTWARE,Software,CurrentBuildNumber,System Info,ROOT\Microsoft\Windows NT\CurrentVersion,CurrentBuildNumber,RegSz,16299,,,,False,False,2018-04-04 06:29:27.6962775,
M:\Forensics\Lone Wolf 2018\KAPE\tout\D\Windows\System32\config\SOFTWARE,Software,CurrentMajorVersionNumber,System Info,ROOT\Microsoft\Windows NT\CurrentVersion,CurrentMajorVersionNumber,RegDword,10,,,,False,False,2018-04-04 06:29:27.6962775,
M:\Forensics\Lone Wolf 2018\KAPE\tout\D\Windows\System32\config\SOFTWARE,Software,CurrentMinorVersionNumber,System Info,ROOT\Microsoft\Windows NT\CurrentVersion,CurrentMinorVersionNumber,RegDword,0,,,,False,False,2018-04-04 06:29:27.6962775,
M:\Forensics\Lone Wolf 2018\KAPE\tout\D\Windows\System32\config\SOFTWARE,Software,CurrentType,System Info,ROOT\Microsoft\Windows NT\CurrentVersion,CurrentType,RegSz,Multiprocessor Free,,,,False,False,2018-04-04 06:29:27.6962775,
M:\Forensics\Lone Wolf 2018\KAPE\tout\D\Windows\System32\config\SOFTWARE,Software,CurrentVersion,System Info,ROOT\Microsoft\Windows NT\CurrentVersion,CurrentVersion,RegSz,6.3,,,,False,False,2018-04-04 06:29:27.6962775,
M:\Forensics\Lone Wolf 2018\KAPE\tout\D\Windows\System32\config\SOFTWARE,Software,EditionID,System Info,ROOT\Microsoft\Windows NT\CurrentVersion,EditionID,RegSz,Education,,,,False,False,2018-04-04 06:29:27.6962775,
M:\Forensics\Lone Wolf 2018\KAPE\tout\D\Windows\System32\config\SOFTWARE,Software,InstallDate,System Info,ROOT\Microsoft\Windows NT\CurrentVersion,InstallDate,RegDword,1522152807,,,,False,False,2018-04-04 06:29:27.6962775,
M:\Forensics\Lone Wolf 2018\KAPE\tout\D\Windows\System32\config\SOFTWARE,Software,ProductID,System Info,ROOT\Microsoft\Windows NT\CurrentVersion,ProductId,RegSz,00328-00089-23637-AA141,,,,False,False,2018-04-04 06:29:27.6962775,
M:\Forensics\Lone Wolf 2018\KAPE\tout\D\Windows\System32\config\SOFTWARE,Software,ProductName,System Info,ROOT\Microsoft\Windows NT\CurrentVersion,ProductName,RegSz,Windows 10 Education,,,,False,False,2018-04-04 06:29:27.6962775,
M:\Forensics\Lone Wolf 2018\KAPE\tout\D\Windows\System32\config\SOFTWARE,Software,RegisteredOrganization,System Info,ROOT\Microsoft\Windows NT\CurrentVersion,RegisteredOrganization,RegSz,,,,,False,False,2018-04-04 06:29:27.6962775,
M:\Forensics\Lone Wolf 2018\KAPE\tout\D\Windows\System32\config\SOFTWARE,Software,RegisteredOwner,System Info,ROOT\Microsoft\Windows NT\CurrentVersion,RegisteredOwner,RegSz,Windows User,,,,False,False,2018-04-04 06:29:27.6962775,
M:\Forensics\Lone Wolf 2018\KAPE\tout\D\Windows\System32\config\SOFTWARE,Software,NetworkCards Description,System Info,ROOT\Microsoft\Windows NT\CurrentVersion\NetworkCards\2,Description,RegSz,Intel(R) 82579LM Gigabit Network Connection,,,,False,False,2018-03-27 12:11:56.9758305,
M:\Forensics\Lone Wolf 2018\KAPE\tout\D\Windows\System32\config\SOFTWARE,Software,NetworkCards Description,System Info,ROOT\Microsoft\Windows NT\CurrentVersion\NetworkCards\3,Description,RegSz,Broadcom 802.11n Network Adapter,,,,False,False,2018-03-27 12:11:56.9758305,
M:\Forensics\Lone Wolf 2018\KAPE\tout\D\Windows\System32\config\SOFTWARE,Software,NetworkList Profiles Category,System Info,ROOT\Microsoft\Windows NT\CurrentVersion\NetworkList\Profiles\{0A4E7D69-1C3A-4532-9090-329AF9967A78},Category,RegDword,0,,,,False,False,2018-04-06 12:26:14.4969873,
M:\Forensics\Lone Wolf 2018\KAPE\tout\D\Windows\System32\config\SOFTWARE,Software,NetworkList Profiles Description,System Info,ROOT\Microsoft\Windows NT\CurrentVersion\NetworkList\Profiles\{0A4E7D69-1C3A-4532-9090-329AF9967A78},Description,RegSz,Net 2.4,,,,False,False,2018-04-06 12:26:14.4969873,
M:\Forensics\Lone Wolf 2018\KAPE\tout\D\Windows\System32\config\SOFTWARE,Software,NetworkList Profiles Managed,System Info,ROOT\Microsoft\Windows NT\CurrentVersion\NetworkList\Profiles\{0A4E7D69-1C3A-4532-9090-329AF9967A78},Managed,RegDword,0,,,,False,False,2018-04-06 12:26:14.4969873,
M:\Forensics\Lone Wolf 2018\KAPE\tout\D\Windows\System32\config\SOFTWARE,Software,NetworkList Profiles NameType,System Info,ROOT\Microsoft\Windows NT\CurrentVersion\NetworkList\Profiles\{0A4E7D69-1C3A-4532-9090-329AF9967A78},NameType,RegDword,71,,,,False,False,2018-04-06 12:26:14.4969873,
M:\Forensics\Lone Wolf 2018\KAPE\tout\D\Windows\System32\config\SOFTWARE,Software,NetworkList Profiles ProfileName,System Info,ROOT\Microsoft\Windows NT\CurrentVersion\NetworkList\Profiles\{0A4E7D69-1C3A-4532-9090-329AF9967A78},ProfileName,RegSz,Net 2.4,,,,False,False,2018-04-06 12:26:14.4969873,
M:\Forensics\Lone Wolf 2018\KAPE\tout\D\Windows\System32\config\SOFTWARE,Software,ProfileList Flags,System Info,ROOT\Microsoft\Windows NT\CurrentVersion\ProfileList\S-1-5-18,Flags,RegDword,12,,,,False,False,2017-09-29 13:48:39.8448405,
M:\Forensics\Lone Wolf 2018\KAPE\tout\D\Windows\System32\config\SOFTWARE,Software,ProfileList Flags,System Info,ROOT\Microsoft\Windows NT\CurrentVersion\ProfileList\S-1-5-19,Flags,RegDword,0,,,,False,False,2018-03-27 12:11:46.5394438,
M:\Forensics\Lone Wolf 2018\KAPE\tout\D\Windows\System32\config\SOFTWARE,Software,ProfileList Flags,System Info,ROOT\Microsoft\Windows NT\CurrentVersion\ProfileList\S-1-5-20,Flags,RegDword,0,,,,False,False,2018-03-27 12:11:46.0374264,
M:\Forensics\Lone Wolf 2018\KAPE\tout\D\Windows\System32\config\SOFTWARE,Software,ProfileList Flags,System Info,ROOT\Microsoft\Windows NT\CurrentVersion\ProfileList\S-1-5-21-2734969515-1644526556-1039763013-1001,Flags,RegDword,0,,,,False,False,2018-03-27 09:55:16.4317527,
M:\Forensics\Lone Wolf 2018\KAPE\tout\D\Windows\System32\config\SOFTWARE,Software,ProfileList ProfileImagepath,System Info,ROOT\Microsoft\Windows NT\CurrentVersion\ProfileList\S-1-5-18,ProfileImagePath,RegExpandSz,%systemroot%\system32\config\systemprofile,,,,False,False,2017-09-29 13:48:39.8448405,
M:\Forensics\Lone Wolf 2018\KAPE\tout\D\Windows\System32\config\SOFTWARE,Software,ProfileList ProfileImagepath,System Info,ROOT\Microsoft\Windows NT\CurrentVersion\ProfileList\S-1-5-19,ProfileImagePath,RegExpandSz,C:\Windows\ServiceProfiles\LocalService,,,,False,False,2018-03-27 12:11:46.5394438,
M:\Forensics\Lone Wolf 2018\KAPE\tout\D\Windows\System32\config\SOFTWARE,Software,ProfileList ProfileImagepath,System Info,ROOT\Microsoft\Windows NT\CurrentVersion\ProfileList\S-1-5-20,ProfileImagePath,RegExpandSz,C:\Windows\ServiceProfiles\NetworkService,,,,False,False,2018-03-27 12:11:46.0374264,
M:\Forensics\Lone Wolf 2018\KAPE\tout\D\Windows\System32\config\SOFTWARE,Software,ProfileList ProfileImagepath,System Info,ROOT\Microsoft\Windows NT\CurrentVersion\ProfileList\S-1-5-21-2734969515-1644526556-1039763013-1001,ProfileImagePath,RegExpandSz,C:\Users\jcloudy,,,,False,False,2018-03-27 09:55:16.4317527,
M:\Forensics\Lone Wolf 2018\KAPE\tout\D\Windows\System32\config\SOFTWARE,Software,ProfileList RunLogonScriptsync,System Info,ROOT\Microsoft\Windows NT\CurrentVersion\ProfileList\S-1-5-21-2734969515-1644526556-1039763013-1001,RunLogonScriptSync,RegDword,0,,,,False,False,2018-03-27 09:55:16.4317527,
M:\Forensics\Lone Wolf 2018\KAPE\tout\D\Windows\System32\config\SOFTWARE,Software,ProfileList Sid,System Info,ROOT\Microsoft\Windows NT\CurrentVersion\ProfileList\S-1-5-18,Sid,RegBinary,(Binary data),,,,False,False,2017-09-29 13:48:39.8448405,
M:\Forensics\Lone Wolf 2018\KAPE\tout\D\Windows\System32\config\SOFTWARE,Software,ProfileList Sid,System Info,ROOT\Microsoft\Windows NT\CurrentVersion\ProfileList\S-1-5-21-2734969515-1644526556-1039763013-1001,Sid,RegBinary,(Binary data),,,,False,False,2018-03-27 09:55:16.4317527,
M:\Forensics\Lone Wolf 2018\KAPE\tout\D\Windows\System32\config\SOFTWARE,Software,ProfileList State,System Info,ROOT\Microsoft\Windows NT\CurrentVersion\ProfileList\S-1-5-18,State,RegDword,0,,,,False,False,2017-09-29 13:48:39.8448405,
M:\Forensics\Lone Wolf 2018\KAPE\tout\D\Windows\System32\config\SOFTWARE,Software,ProfileList State,System Info,ROOT\Microsoft\Windows NT\CurrentVersion\ProfileList\S-1-5-19,State,RegDword,0,,,,False,False,2018-03-27 12:11:46.5394438,
M:\Forensics\Lone Wolf 2018\KAPE\tout\D\Windows\System32\config\SOFTWARE,Software,ProfileList State,System Info,ROOT\Microsoft\Windows NT\CurrentVersion\ProfileList\S-1-5-20,State,RegDword,0,,,,False,False,2018-03-27 12:11:46.0374264,
M:\Forensics\Lone Wolf 2018\KAPE\tout\D\Windows\System32\config\SOFTWARE,Software,ProfileList State,System Info,ROOT\Microsoft\Windows NT\CurrentVersion\ProfileList\S-1-5-21-2734969515-1644526556-1039763013-1001,State,RegDword,0,,,,False,False,2018-03-27 09:55:16.4317527,
M:\Forensics\Lone Wolf 2018\KAPE\tout\D\Windows\System32\config\SYSTEM,System,FirmwareBootDevice,System Info,ROOT\ControlSet001\Control,FirmwareBootDevice,RegSz,multi(0)disk(0)rdisk(1)partition(2),,,,False,False,2018-03-27 21:45:44.6957737,
M:\Forensics\Lone Wolf 2018\KAPE\tout\D\Windows\System32\config\SYSTEM,System,SystemBootDevice,System Info,ROOT\ControlSet001\Control,SystemBootDevice,RegSz,multi(0)disk(0)rdisk(1)partition(4),,,,False,False,2018-03-27 21:45:44.6957737,
M:\Forensics\Lone Wolf 2018\KAPE\tout\D\Windows\System32\config\SYSTEM,System,ComputerName,System Info,ROOT\ControlSet001\Control\ComputerName\ComputerName,ComputerName,RegSz,DESKTOP-PM6C56D,,,,False,False,2018-03-27 12:13:21.6557874,
M:\Forensics\Lone Wolf 2018\KAPE\tout\D\Windows\System32\config\SYSTEM,System,DisableDeleteNotification,System Info,ROOT\ControlSet001\Control\FileSystem,DisableDeleteNotification,RegDword,0,,,Is TRIM disabled?,False,False,2017-09-29 13:47:04.8220668,
M:\Forensics\Lone Wolf 2018\KAPE\tout\D\Windows\System32\config\SYSTEM,System,NtfsEncryptPagingFile,System Info,ROOT\ControlSet001\Control\FileSystem,NtfsEncryptPagingFile,RegDword,0,,,,False,False,2017-09-29 13:47:04.8220668,
M:\Forensics\Lone Wolf 2018\KAPE\tout\D\Windows\System32\config\SYSTEM,System,InstallLanguage,System Info,ROOT\ControlSet001\Control\Nls\Language,InstallLanguage,RegSz,0409,,,,False,False,2017-09-29 14:41:40.8047056,
M:\Forensics\Lone Wolf 2018\KAPE\tout\D\Windows\System32\config\SYSTEM,System,Session Manager Environment,System Info,ROOT\ControlSet001\Control\Session Manager\Environment,ComSpec,RegExpandSz,%SystemRoot%\system32\cmd.exe,,,,False,False,2018-03-27 12:11:44.5843358,
M:\Forensics\Lone Wolf 2018\KAPE\tout\D\Windows\System32\config\SYSTEM,System,Session Manager Environment,System Info,ROOT\ControlSet001\Control\Session Manager\Environment,OS,RegSz,Windows_NT,,,,False,False,2018-03-27 12:11:44.5843358,
M:\Forensics\Lone Wolf 2018\KAPE\tout\D\Windows\System32\config\SYSTEM,System,Session Manager Environment,System Info,ROOT\ControlSet001\Control\Session Manager\Environment,Path,RegExpandSz,%SystemRoot%\system32;%SystemRoot%;%SystemRoot%\System32\Wbem;%SYSTEMROOT%\System32\WindowsPowerShell\v1.0\,,,,False,False,2018-03-27 12:11:44.5843358,
M:\Forensics\Lone Wolf 2018\KAPE\tout\D\Windows\System32\config\SYSTEM,System,Session Manager Environment,System Info,ROOT\ControlSet001\Control\Session Manager\Environment,PATHEXT,RegSz,.COM;.EXE;.BAT;.CMD;.VBS;.VBE;.JS;.JSE;.WSF;.WSH;.MSC,,,,False,False,2018-03-27 12:11:44.5843358,
M:\Forensics\Lone Wolf 2018\KAPE\tout\D\Windows\System32\config\SYSTEM,System,Session Manager Environment,System Info,ROOT\ControlSet001\Control\Session Manager\Environment,PROCESSOR_ARCHITECTURE,RegSz,AMD64,,,,False,False,2018-03-27 12:11:44.5843358,
M:\Forensics\Lone Wolf 2018\KAPE\tout\D\Windows\System32\config\SYSTEM,System,Session Manager Environment,System Info,ROOT\ControlSet001\Control\Session Manager\Environment,PSModulePath,RegExpandSz,%ProgramFiles%\WindowsPowerShell\Modules;%SystemRoot%\system32\WindowsPowerShell\v1.0\Modules,,,,False,False,2018-03-27 12:11:44.5843358,
M:\Forensics\Lone Wolf 2018\KAPE\tout\D\Windows\System32\config\SYSTEM,System,Session Manager Environment,System Info,ROOT\ControlSet001\Control\Session Manager\Environment,TEMP,RegExpandSz,%SystemRoot%\TEMP,,,,False,False,2018-03-27 12:11:44.5843358,
M:\Forensics\Lone Wolf 2018\KAPE\tout\D\Windows\System32\config\SYSTEM,System,Session Manager Environment,System Info,ROOT\ControlSet001\Control\Session Manager\Environment,TMP,RegExpandSz,%SystemRoot%\TEMP,,,,False,False,2018-03-27 12:11:44.5843358,
M:\Forensics\Lone Wolf 2018\KAPE\tout\D\Windows\System32\config\SYSTEM,System,Session Manager Environment,System Info,ROOT\ControlSet001\Control\Session Manager\Environment,USERNAME,RegSz,SYSTEM,,,,False,False,2018-03-27 12:11:44.5843358,
M:\Forensics\Lone Wolf 2018\KAPE\tout\D\Windows\System32\config\SYSTEM,System,Session Manager Environment,System Info,ROOT\ControlSet001\Control\Session Manager\Environment,windir,RegExpandSz,%SystemRoot%,,,,False,False,2018-03-27 12:11:44.5843358,
M:\Forensics\Lone Wolf 2018\KAPE\tout\D\Windows\System32\config\SYSTEM,System,Session Manager Environment,System Info,ROOT\ControlSet001\Control\Session Manager\Environment,NUMBER_OF_PROCESSORS,RegSz,4,,,,False,False,2018-03-27 12:11:44.5843358,
M:\Forensics\Lone Wolf 2018\KAPE\tout\D\Windows\System32\config\SYSTEM,System,Session Manager Environment,System Info,ROOT\ControlSet001\Control\Session Manager\Environment,PROCESSOR_LEVEL,RegSz,6,,,,False,False,2018-03-27 12:11:44.5843358,
M:\Forensics\Lone Wolf 2018\KAPE\tout\D\Windows\System32\config\SYSTEM,System,Session Manager Environment,System Info,ROOT\ControlSet001\Control\Session Manager\Environment,PROCESSOR_IDENTIFIER,RegSz,"Intel64 Family 6 Model 58 Stepping 9, GenuineIntel",,,,False,False,2018-03-27 12:11:44.5843358,
M:\Forensics\Lone Wolf 2018\KAPE\tout\D\Windows\System32\config\SYSTEM,System,Session Manager Environment,System Info,ROOT\ControlSet001\Control\Session Manager\Environment,PROCESSOR_REVISION,RegSz,3a09,,,,False,False,2018-03-27 12:11:44.5843358,
M:\Forensics\Lone Wolf 2018\KAPE\tout\D\Windows\System32\config\SYSTEM,System,TimeZone Bias,System Info,ROOT\ControlSet001\Control\TimeZoneInformation,Bias,(plugin),300,300,,,False,False,2018-03-27 09:56:27.6348179,M:\Forensics\Lone Wolf 2018\KAPE\mout\Registry\20210117152901_TimeZoneInfo_M_Forensics_Lone Wolf 2018_KAPE_tout_D_Windows_System32_config_SYSTEM.csv
M:\Forensics\Lone Wolf 2018\KAPE\tout\D\Windows\System32\config\SYSTEM,System,TimeZone Bias,System Info,ROOT\ControlSet001\Control\TimeZoneInformation,DaylightBias,(plugin),-60,4294967236,,,False,False,2018-03-27 09:56:27.6348179,M:\Forensics\Lone Wolf 2018\KAPE\mout\Registry\20210117152901_TimeZoneInfo_M_Forensics_Lone Wolf 2018_KAPE_tout_D_Windows_System32_config_SYSTEM.csv
M:\Forensics\Lone Wolf 2018\KAPE\tout\D\Windows\System32\config\SYSTEM,System,TimeZone Bias,System Info,ROOT\ControlSet001\Control\TimeZoneInformation,DaylightName,(plugin),"@tzres.dll,-111","@tzres.dll,-111",,,False,False,2018-03-27 09:56:27.6348179,M:\Forensics\Lone Wolf 2018\KAPE\mout\Registry\20210117152901_TimeZoneInfo_M_Forensics_Lone Wolf 2018_KAPE_tout_D_Windows_System32_config_SYSTEM.csv
M:\Forensics\Lone Wolf 2018\KAPE\tout\D\Windows\System32\config\SYSTEM,System,TimeZone Bias,System Info,ROOT\ControlSet001\Control\TimeZoneInformation,DaylightStart,(plugin),"Month 3, week of month 2, day of week 0, Hours:Minutes:Seconds:Milliseconds 2:0:0:0",00-00-03-00-02-00-02-00-00-00-00-00-00-00-00-00,,,False,False,2018-03-27 09:56:27.6348179,M:\Forensics\Lone Wolf 2018\KAPE\mout\Registry\20210117152901_TimeZoneInfo_M_Forensics_Lone Wolf 2018_KAPE_tout_D_Windows_System32_config_SYSTEM.csv
M:\Forensics\Lone Wolf 2018\KAPE\tout\D\Windows\System32\config\SYSTEM,System,TimeZone Bias,System Info,ROOT\ControlSet001\Control\TimeZoneInformation,StandardBias,(plugin),0,0,,,False,False,2018-03-27 09:56:27.6348179,M:\Forensics\Lone Wolf 2018\KAPE\mout\Registry\20210117152901_TimeZoneInfo_M_Forensics_Lone Wolf 2018_KAPE_tout_D_Windows_System32_config_SYSTEM.csv
M:\Forensics\Lone Wolf 2018\KAPE\tout\D\Windows\System32\config\SYSTEM,System,TimeZone Bias,System Info,ROOT\ControlSet001\Control\TimeZoneInformation,StandardName,(plugin),"@tzres.dll,-112","@tzres.dll,-112",,,False,False,2018-03-27 09:56:27.6348179,M:\Forensics\Lone Wolf 2018\KAPE\mout\Registry\20210117152901_TimeZoneInfo_M_Forensics_Lone Wolf 2018_KAPE_tout_D_Windows_System32_config_SYSTEM.csv
M:\Forensics\Lone Wolf 2018\KAPE\tout\D\Windows\System32\config\SYSTEM,System,TimeZone Bias,System Info,ROOT\ControlSet001\Control\TimeZoneInformation,StandardStart,(plugin),"Month 11, week of month 1, day of week 0, Hours:Minutes:Seconds:Milliseconds 2:0:0:0",00-00-0B-00-01-00-02-00-00-00-00-00-00-00-00-00,,,False,False,2018-03-27 09:56:27.6348179,M:\Forensics\Lone Wolf 2018\KAPE\mout\Registry\20210117152901_TimeZoneInfo_M_Forensics_Lone Wolf 2018_KAPE_tout_D_Windows_System32_config_SYSTEM.csv
M:\Forensics\Lone Wolf 2018\KAPE\tout\D\Windows\System32\config\SYSTEM,System,TimeZone Bias,System Info,ROOT\ControlSet001\Control\TimeZoneInformation,TimeZoneKeyName,(plugin),Eastern Standard Time,Eastern Standard Time,,,False,False,2018-03-27 09:56:27.6348179,M:\Forensics\Lone Wolf 2018\KAPE\mout\Registry\20210117152901_TimeZoneInfo_M_Forensics_Lone Wolf 2018_KAPE_tout_D_Windows_System32_config_SYSTEM.csv
M:\Forensics\Lone Wolf 2018\KAPE\tout\D\Windows\System32\config\SYSTEM,System,TimeZone Bias,System Info,ROOT\ControlSet001\Control\TimeZoneInformation,ActiveTimeBias,(plugin),240,240,,,False,False,2018-03-27 09:56:27.6348179,M:\Forensics\Lone Wolf 2018\KAPE\mout\Registry\20210117152901_TimeZoneInfo_M_Forensics_Lone Wolf 2018_KAPE_tout_D_Windows_System32_config_SYSTEM.csv
M:\Forensics\Lone Wolf 2018\KAPE\tout\D\Windows\System32\config\SYSTEM,System,TimeZoneKeyName,System Info,ROOT\ControlSet001\Control\TimeZoneInformation,Bias,(plugin),300,300,,,False,False,2018-03-27 09:56:27.6348179,M:\Forensics\Lone Wolf 2018\KAPE\mout\Registry\20210117152901_TimeZoneInfo_M_Forensics_Lone Wolf 2018_KAPE_tout_D_Windows_System32_config_SYSTEM.csv
M:\Forensics\Lone Wolf 2018\KAPE\tout\D\Windows\System32\config\SYSTEM,System,TimeZoneKeyName,System Info,ROOT\ControlSet001\Control\TimeZoneInformation,DaylightBias,(plugin),-60,4294967236,,,False,False,2018-03-27 09:56:27.6348179,M:\Forensics\Lone Wolf 2018\KAPE\mout\Registry\20210117152901_TimeZoneInfo_M_Forensics_Lone Wolf 2018_KAPE_tout_D_Windows_System32_config_SYSTEM.csv
M:\Forensics\Lone Wolf 2018\KAPE\tout\D\Windows\System32\config\SYSTEM,System,TimeZoneKeyName,System Info,ROOT\ControlSet001\Control\TimeZoneInformation,DaylightName,(plugin),"@tzres.dll,-111","@tzres.dll,-111",,,False,False,2018-03-27 09:56:27.6348179,M:\Forensics\Lone Wolf 2018\KAPE\mout\Registry\20210117152901_TimeZoneInfo_M_Forensics_Lone Wolf 2018_KAPE_tout_D_Windows_System32_config_SYSTEM.csv
M:\Forensics\Lone Wolf 2018\KAPE\tout\D\Windows\System32\config\SYSTEM,System,TimeZoneKeyName,System Info,ROOT\ControlSet001\Control\TimeZoneInformation,DaylightStart,(plugin),"Month 3, week of month 2, day of week 0, Hours:Minutes:Seconds:Milliseconds 2:0:0:0",00-00-03-00-02-00-02-00-00-00-00-00-00-00-00-00,,,False,False,2018-03-27 09:56:27.6348179,M:\Forensics\Lone Wolf 2018\KAPE\mout\Registry\20210117152901_TimeZoneInfo_M_Forensics_Lone Wolf 2018_KAPE_tout_D_Windows_System32_config_SYSTEM.csv
M:\Forensics\Lone Wolf 2018\KAPE\tout\D\Windows\System32\config\SYSTEM,System,TimeZoneKeyName,System Info,ROOT\ControlSet001\Control\TimeZoneInformation,StandardBias,(plugin),0,0,,,False,False,2018-03-27 09:56:27.6348179,M:\Forensics\Lone Wolf 2018\KAPE\mout\Registry\20210117152901_TimeZoneInfo_M_Forensics_Lone Wolf 2018_KAPE_tout_D_Windows_System32_config_SYSTEM.csv
M:\Forensics\Lone Wolf 2018\KAPE\tout\D\Windows\System32\config\SYSTEM,System,TimeZoneKeyName,System Info,ROOT\ControlSet001\Control\TimeZoneInformation,StandardName,(plugin),"@tzres.dll,-112","@tzres.dll,-112",,,False,False,2018-03-27 09:56:27.6348179,M:\Forensics\Lone Wolf 2018\KAPE\mout\Registry\20210117152901_TimeZoneInfo_M_Forensics_Lone Wolf 2018_KAPE_tout_D_Windows_System32_config_SYSTEM.csv
M:\Forensics\Lone Wolf 2018\KAPE\tout\D\Windows\System32\config\SYSTEM,System,TimeZoneKeyName,System Info,ROOT\ControlSet001\Control\TimeZoneInformation,StandardStart,(plugin),"Month 11, week of month 1, day of week 0, Hours:Minutes:Seconds:Milliseconds 2:0:0:0",00-00-0B-00-01-00-02-00-00-00-00-00-00-00-00-00,,,False,False,2018-03-27 09:56:27.6348179,M:\Forensics\Lone Wolf 2018\KAPE\mout\Registry\20210117152901_TimeZoneInfo_M_Forensics_Lone Wolf 2018_KAPE_tout_D_Windows_System32_config_SYSTEM.csv
M:\Forensics\Lone Wolf 2018\KAPE\tout\D\Windows\System32\config\SYSTEM,System,TimeZoneKeyName,System Info,ROOT\ControlSet001\Control\TimeZoneInformation,TimeZoneKeyName,(plugin),Eastern Standard Time,Eastern Standard Time,,,False,False,2018-03-27 09:56:27.6348179,M:\Forensics\Lone Wolf 2018\KAPE\mout\Registry\20210117152901_TimeZoneInfo_M_Forensics_Lone Wolf 2018_KAPE_tout_D_Windows_System32_config_SYSTEM.csv
M:\Forensics\Lone Wolf 2018\KAPE\tout\D\Windows\System32\config\SYSTEM,System,TimeZoneKeyName,System Info,ROOT\ControlSet001\Control\TimeZoneInformation,ActiveTimeBias,(plugin),240,240,,,False,False,2018-03-27 09:56:27.6348179,M:\Forensics\Lone Wolf 2018\KAPE\mout\Registry\20210117152901_TimeZoneInfo_M_Forensics_Lone Wolf 2018_KAPE_tout_D_Windows_System32_config_SYSTEM.csv
M:\Forensics\Lone Wolf 2018\KAPE\tout\D\Windows\System32\config\SYSTEM,System,Shares,System Info,ROOT\ControlSet001\Services\LanmanServer\Shares,,,,,,,False,False,2018-03-27 12:11:54.3374812,
M:\Forensics\Lone Wolf 2018\KAPE\tout\D\Windows\System32\config\SYSTEM,System,Tcpip Domain,System Info,ROOT\ControlSet001\Services\Tcpip\Parameters,Domain,RegSz,,,,,False,False,2018-03-27 23:29:39.0271673,
M:\Forensics\Lone Wolf 2018\KAPE\tout\D\Windows\System32\config\SYSTEM,System,Tcpip Hostname,System Info,ROOT\ControlSet001\Services\Tcpip\Parameters,Hostname,RegSz,DESKTOP-PM6C56D,,,,False,False,2018-03-27 23:29:39.0271673,
M:\Forensics\Lone Wolf 2018\KAPE\tout\D\Windows\System32\config\SYSTEM,System,Tcpip4 Interfaces,System Info,ROOT\ControlSet001\Services\Tcpip\Parameters\Interfaces\{08ba0cd8-e98c-475c-badf-65130c043bd6},EnableDHCP,RegDword,1,,,,False,False,2018-03-27 12:11:55.7963369,
M:\Forensics\Lone Wolf 2018\KAPE\tout\D\Windows\System32\config\SYSTEM,System,Tcpip4 Interfaces,System Info,ROOT\ControlSet001\Services\Tcpip\Parameters\Interfaces\{08ba0cd8-e98c-475c-badf-65130c043bd6},Domain,RegSz,,,,,False,False,2018-03-27 12:11:55.7963369,
M:\Forensics\Lone Wolf 2018\KAPE\tout\D\Windows\System32\config\SYSTEM,System,Tcpip4 Interfaces,System Info,ROOT\ControlSet001\Services\Tcpip\Parameters\Interfaces\{08ba0cd8-e98c-475c-badf-65130c043bd6},NameServer,RegSz,,,,,False,False,2018-03-27 12:11:55.7963369,
M:\Forensics\Lone Wolf 2018\KAPE\tout\D\Windows\System32\config\SYSTEM,System,Tcpip4 Interfaces,System Info,ROOT\ControlSet001\Services\Tcpip\Parameters\Interfaces\{1fdcc7d0-4a35-46a8-8898-3ce107735f57},EnableDHCP,RegDword,1,,,,False,False,2018-03-27 09:22:50.2518083,
M:\Forensics\Lone Wolf 2018\KAPE\tout\D\Windows\System32\config\SYSTEM,System,Tcpip4 Interfaces,System Info,ROOT\ControlSet001\Services\Tcpip\Parameters\Interfaces\{1fdcc7d0-4a35-46a8-8898-3ce107735f57},Domain,RegSz,,,,,False,False,2018-03-27 09:22:50.2518083,
M:\Forensics\Lone Wolf 2018\KAPE\tout\D\Windows\System32\config\SYSTEM,System,Tcpip4 Interfaces,System Info,ROOT\ControlSet001\Services\Tcpip\Parameters\Interfaces\{1fdcc7d0-4a35-46a8-8898-3ce107735f57},NameServer,RegSz,,,,,False,False,2018-03-27 09:22:50.2518083,
M:\Forensics\Lone Wolf 2018\KAPE\tout\D\Windows\System32\config\SYSTEM,System,Tcpip4 Interfaces,System Info,ROOT\ControlSet001\Services\Tcpip\Parameters\Interfaces\{40ecfcb0-bd18-4aff-9d0a-0aa71cb762a9},EnableDHCP,RegDword,1,,,,False,False,2018-03-27 12:11:58.5697319,
M:\Forensics\Lone Wolf 2018\KAPE\tout\D\Windows\System32\config\SYSTEM,System,Tcpip4 Interfaces,System Info,ROOT\ControlSet001\Services\Tcpip\Parameters\Interfaces\{40ecfcb0-bd18-4aff-9d0a-0aa71cb762a9},Domain,RegSz,,,,,False,False,2018-03-27 12:11:58.5697319,
M:\Forensics\Lone Wolf 2018\KAPE\tout\D\Windows\System32\config\SYSTEM,System,Tcpip4 Interfaces,System Info,ROOT\ControlSet001\Services\Tcpip\Parameters\Interfaces\{40ecfcb0-bd18-4aff-9d0a-0aa71cb762a9},NameServer,RegSz,,,,,False,False,2018-03-27 12:11:58.5697319,
M:\Forensics\Lone Wolf 2018\KAPE\tout\D\Windows\System32\config\SYSTEM,System,Tcpip4 Interfaces,System Info,ROOT\ControlSet001\Services\Tcpip\Parameters\Interfaces\{4b0ae068-b350-4bd4-85ab-77e00e581863},EnableDHCP,RegDword,1,,,,False,False,2018-04-06 12:26:15.8732584,
M:\Forensics\Lone Wolf 2018\KAPE\tout\D\Windows\System32\config\SYSTEM,System,Tcpip4 Interfaces,System Info,ROOT\ControlSet001\Services\Tcpip\Parameters\Interfaces\{4b0ae068-b350-4bd4-85ab-77e00e581863},Domain,RegSz,,,,,False,False,2018-04-06 12:26:15.8732584,
M:\Forensics\Lone Wolf 2018\KAPE\tout\D\Windows\System32\config\SYSTEM,System,Tcpip4 Interfaces,System Info,ROOT\ControlSet001\Services\Tcpip\Parameters\Interfaces\{4b0ae068-b350-4bd4-85ab-77e00e581863},NameServer,RegSz,,,,,False,False,2018-04-06 12:26:15.8732584,
M:\Forensics\Lone Wolf 2018\KAPE\tout\D\Windows\System32\config\SYSTEM,System,Tcpip4 Interfaces,System Info,ROOT\ControlSet001\Services\Tcpip\Parameters\Interfaces\{4b0ae068-b350-4bd4-85ab-77e00e581863},DhcpIPAddress,RegSz,192.168.0.7,,,,False,False,2018-04-06 12:26:15.8732584,
M:\Forensics\Lone Wolf 2018\KAPE\tout\D\Windows\System32\config\SYSTEM,System,Tcpip4 Interfaces,System Info,ROOT\ControlSet001\Services\Tcpip\Parameters\Interfaces\{4b0ae068-b350-4bd4-85ab-77e00e581863},DhcpSubnetMask,RegSz,255.255.255.0,,,,False,False,2018-04-06 12:26:15.8732584,
M:\Forensics\Lone Wolf 2018\KAPE\tout\D\Windows\System32\config\SYSTEM,System,Tcpip4 Interfaces,System Info,ROOT\ControlSet001\Services\Tcpip\Parameters\Interfaces\{4b0ae068-b350-4bd4-85ab-77e00e581863},DhcpServer,RegSz,192.168.0.1,,,,False,False,2018-04-06 12:26:15.8732584,
M:\Forensics\Lone Wolf 2018\KAPE\tout\D\Windows\System32\config\SYSTEM,System,Tcpip4 Interfaces,System Info,ROOT\ControlSet001\Services\Tcpip\Parameters\Interfaces\{4b0ae068-b350-4bd4-85ab-77e00e581863},Lease,RegDword,3600,,,,False,False,2018-04-06 12:26:15.8732584,
M:\Forensics\Lone Wolf 2018\KAPE\tout\D\Windows\System32\config\SYSTEM,System,Tcpip4 Interfaces,System Info,ROOT\ControlSet001\Services\Tcpip\Parameters\Interfaces\{4b0ae068-b350-4bd4-85ab-77e00e581863},LeaseObtainedTime,RegDword,830452,,,,False,False,2018-04-06 12:26:15.8732584,
M:\Forensics\Lone Wolf 2018\KAPE\tout\D\Windows\System32\config\SYSTEM,System,Tcpip4 Interfaces,System Info,ROOT\ControlSet001\Services\Tcpip\Parameters\Interfaces\{4b0ae068-b350-4bd4-85ab-77e00e581863},T1,RegDword,832252,,,,False,False,2018-04-06 12:26:15.8732584,
M:\Forensics\Lone Wolf 2018\KAPE\tout\D\Windows\System32\config\SYSTEM,System,Tcpip4 Interfaces,System Info,ROOT\ControlSet001\Services\Tcpip\Parameters\Interfaces\{4b0ae068-b350-4bd4-85ab-77e00e581863},T2,RegDword,833602,,,,False,False,2018-04-06 12:26:15.8732584,
M:\Forensics\Lone Wolf 2018\KAPE\tout\D\Windows\System32\config\SYSTEM,System,Tcpip4 Interfaces,System Info,ROOT\ControlSet001\Services\Tcpip\Parameters\Interfaces\{4b0ae068-b350-4bd4-85ab-77e00e581863},LeaseTerminatesTime,RegDword,834052,,,,False,False,2018-04-06 12:26:15.8732584,
M:\Forensics\Lone Wolf 2018\KAPE\tout\D\Windows\System32\config\SYSTEM,System,Tcpip4 Interfaces,System Info,ROOT\ControlSet001\Services\Tcpip\Parameters\Interfaces\{4b0ae068-b350-4bd4-85ab-77e00e581863},AddressType,RegDword,0,,,,False,False,2018-04-06 12:26:15.8732584,
M:\Forensics\Lone Wolf 2018\KAPE\tout\D\Windows\System32\config\SYSTEM,System,Tcpip4 Interfaces,System Info,ROOT\ControlSet001\Services\Tcpip\Parameters\Interfaces\{4b0ae068-b350-4bd4-85ab-77e00e581863},IsServerNapAware,RegDword,0,,,,False,False,2018-04-06 12:26:15.8732584,
M:\Forensics\Lone Wolf 2018\KAPE\tout\D\Windows\System32\config\SYSTEM,System,Tcpip4 Interfaces,System Info,ROOT\ControlSet001\Services\Tcpip\Parameters\Interfaces\{4b0ae068-b350-4bd4-85ab-77e00e581863},DhcpConnForceBroadcastFlag,RegDword,0,,,,False,False,2018-04-06 12:26:15.8732584,
M:\Forensics\Lone Wolf 2018\KAPE\tout\D\Windows\System32\config\SYSTEM,System,Tcpip4 Interfaces,System Info,ROOT\ControlSet001\Services\Tcpip\Parameters\Interfaces\{4b0ae068-b350-4bd4-85ab-77e00e581863},DhcpNetworkHint,RegSz,E456470223E243,,,,False,False,2018-04-06 12:26:15.8732584,
M:\Forensics\Lone Wolf 2018\KAPE\tout\D\Windows\System32\config\SYSTEM,System,Tcpip4 Interfaces,System Info,ROOT\ControlSet001\Services\Tcpip\Parameters\Interfaces\{4b0ae068-b350-4bd4-85ab-77e00e581863},DhcpInterfaceOptions,RegBinary,(Binary data),,,,False,False,2018-04-06 12:26:15.8732584,
M:\Forensics\Lone Wolf 2018\KAPE\tout\D\Windows\System32\config\SYSTEM,System,Tcpip4 Interfaces,System Info,ROOT\ControlSet001\Services\Tcpip\Parameters\Interfaces\{4b0ae068-b350-4bd4-85ab-77e00e581863},DhcpNameServer,RegSz,68.105.28.11 68.105.29.11 68.105.28.12,,,,False,False,2018-04-06 12:26:15.8732584,
M:\Forensics\Lone Wolf 2018\KAPE\tout\D\Windows\System32\config\SYSTEM,System,Tcpip4 Interfaces,System Info,ROOT\ControlSet001\Services\Tcpip\Parameters\Interfaces\{4b0ae068-b350-4bd4-85ab-77e00e581863},DhcpDefaultGateway,RegMultiSz,192.168.0.1,,,,False,False,2018-04-06 12:26:15.8732584,
M:\Forensics\Lone Wolf 2018\KAPE\tout\D\Windows\System32\config\SYSTEM,System,Tcpip4 Interfaces,System Info,ROOT\ControlSet001\Services\Tcpip\Parameters\Interfaces\{4b0ae068-b350-4bd4-85ab-77e00e581863},DhcpSubnetMaskOpt,RegMultiSz,255.255.255.0,,,,False,False,2018-04-06 12:26:15.8732584,
M:\Forensics\Lone Wolf 2018\KAPE\tout\D\Windows\System32\config\SYSTEM,System,Tcpip4 Interfaces,System Info,ROOT\ControlSet001\Services\Tcpip\Parameters\Interfaces\{4b0ae068-b350-4bd4-85ab-77e00e581863},DhcpGatewayHardware,RegBinary,(Binary data),,,,False,False,2018-04-06 12:26:15.8732584,
M:\Forensics\Lone Wolf 2018\KAPE\tout\D\Windows\System32\config\SYSTEM,System,Tcpip4 Interfaces,System Info,ROOT\ControlSet001\Services\Tcpip\Parameters\Interfaces\{4b0ae068-b350-4bd4-85ab-77e00e581863},DhcpGatewayHardwareCount,RegDword,1,,,,False,False,2018-04-06 12:26:15.8732584,
M:\Forensics\Lone Wolf 2018\KAPE\tout\D\Windows\System32\config\SYSTEM,System,Tcpip4 Interfaces,System Info,ROOT\ControlSet001\Services\Tcpip\Parameters\Interfaces\{5c3108a9-31c0-11e8-9b10-806e6f6e6963},,,,,,,False,False,2018-03-27 12:11:54.2593576,
M:\Forensics\Lone Wolf 2018\KAPE\tout\D\Windows\System32\config\SYSTEM,System,Tcpip4 Interfaces,System Info,ROOT\ControlSet001\Services\Tcpip\Parameters\Interfaces\{fdb7208d-495c-4214-be89-a57ddd46f1ce},EnableDHCP,RegDword,1,,,,False,False,2018-03-27 12:11:46.5238175,
M:\Forensics\Lone Wolf 2018\KAPE\tout\D\Windows\System32\config\SYSTEM,System,Tcpip4 Interfaces,System Info,ROOT\ControlSet001\Services\Tcpip\Parameters\Interfaces\{fdb7208d-495c-4214-be89-a57ddd46f1ce},Domain,RegSz,,,,,False,False,2018-03-27 12:11:46.5238175,
M:\Forensics\Lone Wolf 2018\KAPE\tout\D\Windows\System32\config\SYSTEM,System,Tcpip4 Interfaces,System Info,ROOT\ControlSet001\Services\Tcpip\Parameters\Interfaces\{fdb7208d-495c-4214-be89-a57ddd46f1ce},NameServer,RegSz,,,,,False,False,2018-03-27 12:11:46.5238175,
M:\Forensics\Lone Wolf 2018\KAPE\tout\D\Windows\System32\config\SYSTEM,System,Tcpip6 Interfaces,System Info,ROOT\ControlSet001\Services\Tcpip6\Parameters\Interfaces\{08ba0cd8-e98c-475c-badf-65130c043bd6},EnableDHCP,RegDword,1,,,,False,False,2018-03-27 12:11:55.7963369,
M:\Forensics\Lone Wolf 2018\KAPE\tout\D\Windows\System32\config\SYSTEM,System,Tcpip6 Interfaces,System Info,ROOT\ControlSet001\Services\Tcpip6\Parameters\Interfaces\{1fdcc7d0-4a35-46a8-8898-3ce107735f57},EnableDHCP,RegDword,1,,,,False,False,2018-03-27 09:22:50.2518083,
M:\Forensics\Lone Wolf 2018\KAPE\tout\D\Windows\System32\config\SYSTEM,System,Tcpip6 Interfaces,System Info,ROOT\ControlSet001\Services\Tcpip6\Parameters\Interfaces\{24c04fda-b028-436c-8c29-160eb8a95b76},EnableDHCP,RegDword,1,,,,False,False,2018-04-02 00:52:52.1869182,
M:\Forensics\Lone Wolf 2018\KAPE\tout\D\Windows\System32\config\SYSTEM,System,Tcpip6 Interfaces,System Info,ROOT\ControlSet001\Services\Tcpip6\Parameters\Interfaces\{40ecfcb0-bd18-4aff-9d0a-0aa71cb762a9},EnableDHCP,RegDword,1,,,,False,False,2018-03-27 12:11:58.5697319,
M:\Forensics\Lone Wolf 2018\KAPE\tout\D\Windows\System32\config\SYSTEM,System,Tcpip6 Interfaces,System Info,ROOT\ControlSet001\Services\Tcpip6\Parameters\Interfaces\{4b0ae068-b350-4bd4-85ab-77e00e581863},EnableDHCP,RegDword,1,,,,False,False,2018-04-06 12:26:14.6706245,
M:\Forensics\Lone Wolf 2018\KAPE\tout\D\Windows\System32\config\SYSTEM,System,Tcpip6 Interfaces,System Info,ROOT\ControlSet001\Services\Tcpip6\Parameters\Interfaces\{4b0ae068-b350-4bd4-85ab-77e00e581863},Dhcpv6Iaid,RegDword,82579140,,,,False,False,2018-04-06 12:26:14.6706245,
M:\Forensics\Lone Wolf 2018\KAPE\tout\D\Windows\System32\config\SYSTEM,System,Tcpip6 Interfaces,System Info,ROOT\ControlSet001\Services\Tcpip6\Parameters\Interfaces\{4b0ae068-b350-4bd4-85ab-77e00e581863},DhcpV6NetworkHint,RegSz,E456470223E243,,,,False,False,2018-04-06 12:26:14.6706245,
M:\Forensics\Lone Wolf 2018\KAPE\tout\D\Windows\System32\config\SYSTEM,System,Tcpip6 Interfaces,System Info,ROOT\ControlSet001\Services\Tcpip6\Parameters\Interfaces\{4b0ae068-b350-4bd4-85ab-77e00e581863},Dhcpv6State,RegDword,2,,,,False,False,2018-04-06 12:26:14.6706245,
M:\Forensics\Lone Wolf 2018\KAPE\tout\D\Windows\System32\config\SYSTEM,System,Tcpip6 Interfaces,System Info,ROOT\ControlSet001\Services\Tcpip6\Parameters\Interfaces\{4b0ae068-b350-4bd4-85ab-77e00e581863},Dhcpv6InterfaceOptions,RegBinary,(Binary data),,,,False,False,2018-04-06 12:26:14.6706245,
M:\Forensics\Lone Wolf 2018\KAPE\tout\D\Windows\System32\config\SYSTEM,System,Tcpip6 Interfaces,System Info,ROOT\ControlSet001\Services\Tcpip6\Parameters\Interfaces\{4b0ae068-b350-4bd4-85ab-77e00e581863},Dhcpv6DNSServers,RegBinary,(Binary data),,,,False,False,2018-04-06 12:26:14.6706245,
M:\Forensics\Lone Wolf 2018\KAPE\tout\D\Windows\System32\config\SYSTEM,System,Tcpip6 Interfaces,System Info,ROOT\ControlSet001\Services\Tcpip6\Parameters\Interfaces\{4b0ae068-b350-4bd4-85ab-77e00e581863},Dhcpv6InformationObtainedTime,RegDword,1523017574,,,,False,False,2018-04-06 12:26:14.6706245,
M:\Forensics\Lone Wolf 2018\KAPE\tout\D\Windows\System32\config\SYSTEM,System,Tcpip6 Interfaces,System Info,ROOT\ControlSet001\Services\Tcpip6\Parameters\Interfaces\{4b0ae068-b350-4bd4-85ab-77e00e581863},Dhcpv6InformationRefreshTime,RegDword,86400,,,,False,False,2018-04-06 12:26:14.6706245,
M:\Forensics\Lone Wolf 2018\KAPE\tout\D\Windows\System32\config\SYSTEM,System,Tcpip6 Interfaces,System Info,ROOT\ControlSet001\Services\Tcpip6\Parameters\Interfaces\{fdb7208d-495c-4214-be89-a57ddd46f1ce},EnableDHCP,RegDword,1,,,,False,False,2018-03-27 12:11:46.5238175,
M:\Forensics\Lone Wolf 2018\KAPE\tout\D\Windows\System32\config\SYSTEM,System,Mounted Devices,System Info,ROOT\MountedDevices,,(plugin),Name: \DosDevices\C:,Data: DMIO:ID:!“	¯©DØsÁKž¯),,,False,False,2018-04-06 12:35:08.6857893,M:\Forensics\Lone Wolf 2018\KAPE\mout\Registry\20210117152901_MountedDevices_M_Forensics_Lone Wolf 2018_KAPE_tout_D_Windows_System32_config_SYSTEM.csv
M:\Forensics\Lone Wolf 2018\KAPE\tout\D\Windows\System32\config\SYSTEM,System,Mounted Devices,System Info,ROOT\MountedDevices,,(plugin),Name: \??\Volume{5c3108bb-31c0-11e8-9b10-806e6f6e6963},Data: \??\SCSI#CdRom&Ven_PLDS&Prod_DVD-ROM_DU-8D5LH#4&241bacd1&0&010000#{53f5630d-b6bf-11d0-94f2-00a0c91efb8b}),,,False,False,2018-04-06 12:35:08.6857893,M:\Forensics\Lone Wolf 2018\KAPE\mout\Registry\20210117152901_MountedDevices_M_Forensics_Lone Wolf 2018_KAPE_tout_D_Windows_System32_config_SYSTEM.csv
M:\Forensics\Lone Wolf 2018\KAPE\tout\D\Windows\System32\config\SYSTEM,System,Mounted Devices,System Info,ROOT\MountedDevices,,(plugin),Name: \??\Volume{5c3108bf-31c0-11e8-9b10-806e6f6e6963},Data: _??_USBSTOR#Disk&Ven_SanDisk&Prod_Extreme&Rev_0001#AA010215170355310594&0#{53f56307-b6bf-11d0-94f2-00a0c91efb8b}),,,False,False,2018-04-06 12:35:08.6857893,M:\Forensics\Lone Wolf 2018\KAPE\mout\Registry\20210117152901_MountedDevices_M_Forensics_Lone Wolf 2018_KAPE_tout_D_Windows_System32_config_SYSTEM.csv
M:\Forensics\Lone Wolf 2018\KAPE\tout\D\Windows\System32\config\SYSTEM,System,Mounted Devices,System Info,ROOT\MountedDevices,,(plugin),Name: \DosDevices\D:,Data: _??_USBSTOR#Disk&Ven_SanDisk&Prod_Extreme&Rev_0001#AA010603160707470215&0#{53f56307-b6bf-11d0-94f2-00a0c91efb8b}),,,False,False,2018-04-06 12:35:08.6857893,M:\Forensics\Lone Wolf 2018\KAPE\mout\Registry\20210117152901_MountedDevices_M_Forensics_Lone Wolf 2018_KAPE_tout_D_Windows_System32_config_SYSTEM.csv
M:\Forensics\Lone Wolf 2018\KAPE\tout\D\Windows\System32\config\SYSTEM,System,Mounted Devices,System Info,ROOT\MountedDevices,,(plugin),Name: \DosDevices\E:,Data: \??\SCSI#CdRom&Ven_PLDS&Prod_DVD-ROM_DU-8D5LH#4&241bacd1&0&010000#{53f5630d-b6bf-11d0-94f2-00a0c91efb8b}),,,False,False,2018-04-06 12:35:08.6857893,M:\Forensics\Lone Wolf 2018\KAPE\mout\Registry\20210117152901_MountedDevices_M_Forensics_Lone Wolf 2018_KAPE_tout_D_Windows_System32_config_SYSTEM.csv
M:\Forensics\Lone Wolf 2018\KAPE\tout\D\Windows\System32\config\SYSTEM,System,Mounted Devices,System Info,ROOT\MountedDevices,,(plugin),Name: \??\Volume{3869c27a-31b8-11e8-9b12-ecf4bb487fed},Data: _??_USBSTOR#Disk&Ven_SanDisk&Prod_Extreme&Rev_0001#AA010603160707470215&0#{53f56307-b6bf-11d0-94f2-00a0c91efb8b}),,,False,False,2018-04-06 12:35:08.6857893,M:\Forensics\Lone Wolf 2018\KAPE\mout\Registry\20210117152901_MountedDevices_M_Forensics_Lone Wolf 2018_KAPE_tout_D_Windows_System32_config_SYSTEM.csv
M:\Forensics\Lone Wolf 2018\KAPE\tout\D\Windows\System32\config\SYSTEM,System,Mounted Devices,System Info,ROOT\MountedDevices,,(plugin),Name: \DosDevices\F:,Data: YÔv       ),,,False,False,2018-04-06 12:35:08.6857893,M:\Forensics\Lone Wolf 2018\KAPE\mout\Registry\20210117152901_MountedDevices_M_Forensics_Lone Wolf 2018_KAPE_tout_D_Windows_System32_config_SYSTEM.csv
M:\Forensics\Lone Wolf 2018\KAPE\tout\D\Windows\System32\config\SYSTEM,System,SystemPartition,System Info,ROOT\Setup,SystemPartition,RegSz,\Device\HarddiskVolume2,,,,False,False,2018-04-01 22:43:06.3631660,
M:\Forensics\Lone Wolf 2018\KAPE\tout\D\Windows\System32\config\SYSTEM,System,Tcpip Interfaces,System Info,ROOT\Select,Current,RegDword,1,,,,False,False,2017-09-29 13:47:03.6344770,
M:\Forensics\Lone Wolf 2018\KAPE\tout\D\Windows\System32\config\SYSTEM,System,Tcpip Interfaces,System Info,ROOT\Select,Default,RegDword,1,,,,False,False,2017-09-29 13:47:03.6344770,
M:\Forensics\Lone Wolf 2018\KAPE\tout\D\Windows\System32\config\SYSTEM,System,Tcpip Interfaces,System Info,ROOT\Select,Failed,RegDword,0,,,,False,False,2017-09-29 13:47:03.6344770,
M:\Forensics\Lone Wolf 2018\KAPE\tout\D\Windows\System32\config\SYSTEM,System,Tcpip Interfaces,System Info,ROOT\Select,LastKnownGood,RegDword,1,,,,False,False,2017-09-29 13:47:03.6344770,
