HivePath,HiveType,Description,Category,KeyPath,ValueName,ValueType,ValueData,ValueData2,ValueData3,Comment,Recursive,Deleted,LastWriteTimestamp,PluginDetailFile
M:\Forensics\Lone Wolf 2018\KAPE\tout\D\Users\jcloudy\NTUSER.DAT,NtUser,Uninstall DisplayName,Installed Software,ROOT\Software\Microsoft\Windows\CurrentVersion\Uninstall\OneDriveSetup.exe,DisplayName,RegSz,Microsoft OneDrive,,,,False,False,2018-04-04 05:59:40.7208613,
M:\Forensics\Lone Wolf 2018\KAPE\tout\D\Users\jcloudy\NTUSER.DAT,NtUser,Uninstall Publisher,Installed Software,ROOT\Software\Microsoft\Windows\CurrentVersion\Uninstall\OneDriveSetup.exe,Publisher,RegSz,Microsoft Corporation,,,,False,False,2018-04-04 05:59:40.7208613,
M:\Forensics\Lone Wolf 2018\KAPE\tout\D\Windows\System32\config\SOFTWARE,Software,User Products InstallProperties,Installed Software,ROOT\Microsoft\Windows\CurrentVersion\Installer\UserData\S-1-5-18\Products\00006109C80000000000000000F01FEC\InstallProperties,DisplayName,RegSz,Office 16 Click-to-Run Extensibility Component,,,,False,False,2018-03-27 09:47:33.6705134,
M:\Forensics\Lone Wolf 2018\KAPE\tout\D\Windows\System32\config\SOFTWARE,Software,User Products InstallProperties,Installed Software,ROOT\Microsoft\Windows\CurrentVersion\Installer\UserData\S-1-5-18\Products\00006109C80090400000000000F01FEC\InstallProperties,DisplayName,RegSz,Office 16 Click-to-Run Localization Component,,,,False,False,2018-03-27 09:47:29.2387735,
M:\Forensics\Lone Wolf 2018\KAPE\tout\D\Windows\System32\config\SOFTWARE,Software,User Products InstallProperties,Installed Software,ROOT\Microsoft\Windows\CurrentVersion\Installer\UserData\S-1-5-18\Products\00006109DD0000000100000000F01FEC\InstallProperties,DisplayName,RegSz,Office 16 Click-to-Run Extensibility Component 64-bit Registration,,,,False,False,2018-03-27 09:47:34.0458450,
M:\Forensics\Lone Wolf 2018\KAPE\tout\D\Windows\System32\config\SOFTWARE,Software,User Products InstallProperties,Installed Software,ROOT\Microsoft\Windows\CurrentVersion\Installer\UserData\S-1-5-18\Products\00006109F80000000100000000F01FEC\InstallProperties,DisplayName,RegSz,Office 16 Click-to-Run Licensing Component,,,,False,False,2018-03-27 09:45:23.6219942,
M:\Forensics\Lone Wolf 2018\KAPE\tout\D\Windows\System32\config\SOFTWARE,Software,User Products InstallProperties,Installed Software,ROOT\Microsoft\Windows\CurrentVersion\Installer\UserData\S-1-5-18\Products\5A812990327ACD34D85B163756A6E149\InstallProperties,DisplayName,RegSz,Dropbox Update Helper,,,,False,False,2018-03-28 00:03:24.2341338,
M:\Forensics\Lone Wolf 2018\KAPE\tout\D\Windows\System32\config\SOFTWARE,Software,User Products InstallProperties,Installed Software,ROOT\Microsoft\Windows\CurrentVersion\Installer\UserData\S-1-5-18\Products\7C7727B4EEC9CF543BB691DA8282B1C9\InstallProperties,DisplayName,RegSz,Backup and Sync from Google,,,,False,False,2018-03-27 23:46:40.0084358,
M:\Forensics\Lone Wolf 2018\KAPE\tout\D\Windows\System32\config\SOFTWARE,Software,User Products InstallProperties,Installed Software,ROOT\Microsoft\Windows\CurrentVersion\Installer\UserData\S-1-5-18\Products\A089CE062ADB6BC44A720BA745894BAC\InstallProperties,DisplayName,RegSz,Google Update Helper,,,,False,False,2018-03-27 09:34:39.4844283,
M:\Forensics\Lone Wolf 2018\KAPE\tout\D\Windows\System32\config\SOFTWARE,Software,User Products InstallProperties,Installed Software,ROOT\Microsoft\Windows\CurrentVersion\Installer\UserData\S-1-5-18\Products\CD687F9CDBE023245AA01F48BF5209E8\InstallProperties,DisplayName,RegSz,Box Sync,,,,False,False,2018-03-29 20:23:17.8372213,
M:\Forensics\Lone Wolf 2018\KAPE\tout\D\Windows\System32\config\SOFTWARE,Software,User Products InstallProperties,Installed Software,ROOT\Microsoft\Windows\CurrentVersion\Installer\UserData\S-1-5-18\Products\00006109C80000000000000000F01FEC\InstallProperties,InstallDate,RegSz,20180327,,,,False,False,2018-03-27 09:47:33.6705134,
M:\Forensics\Lone Wolf 2018\KAPE\tout\D\Windows\System32\config\SOFTWARE,Software,User Products InstallProperties,Installed Software,ROOT\Microsoft\Windows\CurrentVersion\Installer\UserData\S-1-5-18\Products\00006109C80090400000000000F01FEC\InstallProperties,InstallDate,RegSz,20180327,,,,False,False,2018-03-27 09:47:29.2387735,
M:\Forensics\Lone Wolf 2018\KAPE\tout\D\Windows\System32\config\SOFTWARE,Software,User Products InstallProperties,Installed Software,ROOT\Microsoft\Windows\CurrentVersion\Installer\UserData\S-1-5-18\Products\00006109DD0000000100000000F01FEC\InstallProperties,InstallDate,RegSz,20180327,,,,False,False,2018-03-27 09:47:34.0458450,
M:\Forensics\Lone Wolf 2018\KAPE\tout\D\Windows\System32\config\SOFTWARE,Software,User Products InstallProperties,Installed Software,ROOT\Microsoft\Windows\CurrentVersion\Installer\UserData\S-1-5-18\Products\00006109F80000000100000000F01FEC\InstallProperties,InstallDate,RegSz,20180327,,,,False,False,2018-03-27 09:45:23.6219942,
M:\Forensics\Lone Wolf 2018\KAPE\tout\D\Windows\System32\config\SOFTWARE,Software,User Products InstallProperties,Installed Software,ROOT\Microsoft\Windows\CurrentVersion\Installer\UserData\S-1-5-18\Products\5A812990327ACD34D85B163756A6E149\InstallProperties,InstallDate,RegSz,20180327,,,,False,False,2018-03-28 00:03:24.2341338,
M:\Forensics\Lone Wolf 2018\KAPE\tout\D\Windows\System32\config\SOFTWARE,Software,User Products InstallProperties,Installed Software,ROOT\Microsoft\Windows\CurrentVersion\Installer\UserData\S-1-5-18\Products\7C7727B4EEC9CF543BB691DA8282B1C9\InstallProperties,InstallDate,RegSz,20180327,,,,False,False,2018-03-27 23:46:40.0084358,
M:\Forensics\Lone Wolf 2018\KAPE\tout\D\Windows\System32\config\SOFTWARE,Software,User Products InstallProperties,Installed Software,ROOT\Microsoft\Windows\CurrentVersion\Installer\UserData\S-1-5-18\Products\A089CE062ADB6BC44A720BA745894BAC\InstallProperties,InstallDate,RegSz,20180327,,,,False,False,2018-03-27 09:34:39.4844283,
M:\Forensics\Lone Wolf 2018\KAPE\tout\D\Windows\System32\config\SOFTWARE,Software,User Products InstallProperties,Installed Software,ROOT\Microsoft\Windows\CurrentVersion\Installer\UserData\S-1-5-18\Products\CD687F9CDBE023245AA01F48BF5209E8\InstallProperties,InstallDate,RegSz,20180329,,,,False,False,2018-03-29 20:23:17.8372213,
M:\Forensics\Lone Wolf 2018\KAPE\tout\D\Windows\System32\config\SOFTWARE,Software,User Products InstallProperties,Installed Software,ROOT\Microsoft\Windows\CurrentVersion\Installer\UserData\S-1-5-18\Products\00006109C80000000000000000F01FEC\InstallProperties,Publisher,RegSz,Microsoft Corporation,,,,False,False,2018-03-27 09:47:33.6705134,
M:\Forensics\Lone Wolf 2018\KAPE\tout\D\Windows\System32\config\SOFTWARE,Software,User Products InstallProperties,Installed Software,ROOT\Microsoft\Windows\CurrentVersion\Installer\UserData\S-1-5-18\Products\00006109C80090400000000000F01FEC\InstallProperties,Publisher,RegSz,Microsoft Corporation,,,,False,False,2018-03-27 09:47:29.2387735,
M:\Forensics\Lone Wolf 2018\KAPE\tout\D\Windows\System32\config\SOFTWARE,Software,User Products InstallProperties,Installed Software,ROOT\Microsoft\Windows\CurrentVersion\Installer\UserData\S-1-5-18\Products\00006109DD0000000100000000F01FEC\InstallProperties,Publisher,RegSz,Microsoft Corporation,,,,False,False,2018-03-27 09:47:34.0458450,
M:\Forensics\Lone Wolf 2018\KAPE\tout\D\Windows\System32\config\SOFTWARE,Software,User Products InstallProperties,Installed Software,ROOT\Microsoft\Windows\CurrentVersion\Installer\UserData\S-1-5-18\Products\00006109F80000000100000000F01FEC\InstallProperties,Publisher,RegSz,Microsoft Corporation,,,,False,False,2018-03-27 09:45:23.6219942,
M:\Forensics\Lone Wolf 2018\KAPE\tout\D\Windows\System32\config\SOFTWARE,Software,User Products InstallProperties,Installed Software,ROOT\Microsoft\Windows\CurrentVersion\Installer\UserData\S-1-5-18\Products\5A812990327ACD34D85B163756A6E149\InstallProperties,Publisher,RegSz,"Dropbox, Inc.",,,,False,False,2018-03-28 00:03:24.2341338,
M:\Forensics\Lone Wolf 2018\KAPE\tout\D\Windows\System32\config\SOFTWARE,Software,User Products InstallProperties,Installed Software,ROOT\Microsoft\Windows\CurrentVersion\Installer\UserData\S-1-5-18\Products\7C7727B4EEC9CF543BB691DA8282B1C9\InstallProperties,Publisher,RegSz,"Google, Inc.",,,,False,False,2018-03-27 23:46:40.0084358,
M:\Forensics\Lone Wolf 2018\KAPE\tout\D\Windows\System32\config\SOFTWARE,Software,User Products InstallProperties,Installed Software,ROOT\Microsoft\Windows\CurrentVersion\Installer\UserData\S-1-5-18\Products\A089CE062ADB6BC44A720BA745894BAC\InstallProperties,Publisher,RegSz,Google Inc.,,,,False,False,2018-03-27 09:34:39.4844283,
M:\Forensics\Lone Wolf 2018\KAPE\tout\D\Windows\System32\config\SOFTWARE,Software,User Products InstallProperties,Installed Software,ROOT\Microsoft\Windows\CurrentVersion\Installer\UserData\S-1-5-18\Products\CD687F9CDBE023245AA01F48BF5209E8\InstallProperties,Publisher,RegSz,"Box, Inc.",,,,False,False,2018-03-29 20:23:17.8372213,
M:\Forensics\Lone Wolf 2018\KAPE\tout\D\Windows\System32\config\SOFTWARE,Software,Uninstall DisplayName,Installed Software,ROOT\Microsoft\Windows\CurrentVersion\Uninstall\O365ProPlusRetail - en-us,DisplayName,RegSz,Microsoft Office 365 ProPlus - en-us,,,,False,False,2018-03-27 09:45:17.2780274,
M:\Forensics\Lone Wolf 2018\KAPE\tout\D\Windows\System32\config\SOFTWARE,Software,Uninstall DisplayName,Installed Software,ROOT\Microsoft\Windows\CurrentVersion\Uninstall\S3 Browser_is1,DisplayName,RegSz,S3 Browser version 7.6.9,,,,False,False,2018-03-27 23:57:19.1651146,
M:\Forensics\Lone Wolf 2018\KAPE\tout\D\Windows\System32\config\SOFTWARE,Software,Uninstall DisplayName,Installed Software,ROOT\Microsoft\Windows\CurrentVersion\Uninstall\VulkanRT1.0.26.0,DisplayName,RegSz,Vulkan Run Time Libraries 1.0.26.0,,,,False,False,2018-03-27 09:21:06.3805731,
M:\Forensics\Lone Wolf 2018\KAPE\tout\D\Windows\System32\config\SOFTWARE,Software,Uninstall DisplayName,Installed Software,ROOT\Microsoft\Windows\CurrentVersion\Uninstall\{4B7277C7-9CEE-45FC-B36B-19AD28281B9C},DisplayName,RegSz,Backup and Sync from Google,,,,False,False,2018-03-27 23:46:40.0084358,
M:\Forensics\Lone Wolf 2018\KAPE\tout\D\Windows\System32\config\SOFTWARE,Software,Uninstall DisplayName,Installed Software,ROOT\Microsoft\Windows\CurrentVersion\Uninstall\{90160000-008F-0000-1000-0000000FF1CE},DisplayName,RegSz,Office 16 Click-to-Run Licensing Component,,,,False,False,2018-03-27 09:45:23.6219942,
M:\Forensics\Lone Wolf 2018\KAPE\tout\D\Windows\System32\config\SOFTWARE,Software,Uninstall DisplayName,Installed Software,ROOT\Microsoft\Windows\CurrentVersion\Uninstall\{90160000-00DD-0000-1000-0000000FF1CE},DisplayName,RegSz,Office 16 Click-to-Run Extensibility Component 64-bit Registration,,,,False,False,2018-03-27 09:47:34.0458450,
M:\Forensics\Lone Wolf 2018\KAPE\tout\D\Windows\System32\config\SOFTWARE,Software,Uninstall DisplayName,Installed Software,ROOT\Microsoft\Windows\CurrentVersion\Uninstall\{9F72EF8B-AEC9-4CA5-B483-143980AFD6FD},DisplayName,RegSz,Dell Touchpad,,,,False,False,2018-03-27 09:17:25.1269485,
M:\Forensics\Lone Wolf 2018\KAPE\tout\D\Windows\System32\config\SOFTWARE,Software,Uninstall DisplayName,Installed Software,ROOT\Microsoft\Windows\CurrentVersion\Uninstall\{B2FE1952-0186-46C3-BAEC-A80AA35AC5B8}_Display.3DVision,DisplayName,RegSz,NVIDIA 3D Vision Driver 376.54,,,,False,False,2018-03-27 09:21:38.6740919,
M:\Forensics\Lone Wolf 2018\KAPE\tout\D\Windows\System32\config\SOFTWARE,Software,Uninstall DisplayName,Installed Software,ROOT\Microsoft\Windows\CurrentVersion\Uninstall\{B2FE1952-0186-46C3-BAEC-A80AA35AC5B8}_Display.ControlPanel,DisplayName,RegSz,NVIDIA Control Panel 376.54,,,,False,False,2018-03-27 09:21:05.5880618,
M:\Forensics\Lone Wolf 2018\KAPE\tout\D\Windows\System32\config\SOFTWARE,Software,Uninstall DisplayName,Installed Software,ROOT\Microsoft\Windows\CurrentVersion\Uninstall\{B2FE1952-0186-46C3-BAEC-A80AA35AC5B8}_Display.Driver,DisplayName,RegSz,NVIDIA Graphics Driver 376.54,,,,False,False,2018-03-27 09:21:06.5883289,
M:\Forensics\Lone Wolf 2018\KAPE\tout\D\Windows\System32\config\SOFTWARE,Software,Uninstall DisplayName,Installed Software,ROOT\Microsoft\Windows\CurrentVersion\Uninstall\{B2FE1952-0186-46C3-BAEC-A80AA35AC5B8}_Display.NView,DisplayName,RegSz,NVIDIA nView 148.03,,,,False,False,2018-03-27 09:21:39.3459896,
M:\Forensics\Lone Wolf 2018\KAPE\tout\D\Windows\System32\config\SOFTWARE,Software,Uninstall DisplayName,Installed Software,ROOT\Microsoft\Windows\CurrentVersion\Uninstall\{B2FE1952-0186-46C3-BAEC-A80AA35AC5B8}_HDAudio.Driver,DisplayName,RegSz,NVIDIA HD Audio Driver 1.3.34.17,,,,False,False,2018-04-06 12:26:30.5085119,
M:\Forensics\Lone Wolf 2018\KAPE\tout\D\Windows\System32\config\SOFTWARE,Software,Uninstall DisplayName,Installed Software,ROOT\Microsoft\Windows\CurrentVersion\Uninstall\{B2FE1952-0186-46C3-BAEC-A80AA35AC5B8}_installer,DisplayName,RegSz,NVIDIA Install Application,,,,False,False,2018-04-06 12:26:30.5105140,
M:\Forensics\Lone Wolf 2018\KAPE\tout\D\Windows\System32\config\SOFTWARE,Software,Uninstall DisplayName,Installed Software,ROOT\Microsoft\Windows\CurrentVersion\Uninstall\{B2FE1952-0186-46C3-BAEC-A80AA35AC5B8}_NVDisplayContainer,DisplayName,RegSz,NVIDIA Display Container,,,,False,False,2018-03-27 09:20:59.5097236,
M:\Forensics\Lone Wolf 2018\KAPE\tout\D\Windows\System32\config\SOFTWARE,Software,Uninstall DisplayName,Installed Software,ROOT\Microsoft\Windows\CurrentVersion\Uninstall\{B2FE1952-0186-46C3-BAEC-A80AA35AC5B8}_NVDisplayContainerLS,DisplayName,RegSz,NVIDIA Display Container LS,,,,False,False,2018-03-27 09:20:59.5878506,
M:\Forensics\Lone Wolf 2018\KAPE\tout\D\Windows\System32\config\SOFTWARE,Software,Uninstall DisplayName,Installed Software,ROOT\Microsoft\Windows\CurrentVersion\Uninstall\{C9F786DC-0EBD-4232-A50A-F184FB25908E},DisplayName,RegSz,Box Sync,,,,False,False,2018-03-29 20:23:17.8372213,
M:\Forensics\Lone Wolf 2018\KAPE\tout\D\Windows\System32\config\SOFTWARE,Software,Uninstall InstallDate,Installed Software,ROOT\Microsoft\Windows\CurrentVersion\Uninstall\S3 Browser_is1,InstallDate,RegSz,20180327,,,,False,False,2018-03-27 23:57:19.1651146,
M:\Forensics\Lone Wolf 2018\KAPE\tout\D\Windows\System32\config\SOFTWARE,Software,Uninstall InstallDate,Installed Software,ROOT\Microsoft\Windows\CurrentVersion\Uninstall\{4B7277C7-9CEE-45FC-B36B-19AD28281B9C},InstallDate,RegSz,20180327,,,,False,False,2018-03-27 23:46:40.0084358,
M:\Forensics\Lone Wolf 2018\KAPE\tout\D\Windows\System32\config\SOFTWARE,Software,Uninstall InstallDate,Installed Software,ROOT\Microsoft\Windows\CurrentVersion\Uninstall\{90160000-008F-0000-1000-0000000FF1CE},InstallDate,RegSz,20180327,,,,False,False,2018-03-27 09:45:23.6219942,
M:\Forensics\Lone Wolf 2018\KAPE\tout\D\Windows\System32\config\SOFTWARE,Software,Uninstall InstallDate,Installed Software,ROOT\Microsoft\Windows\CurrentVersion\Uninstall\{90160000-00DD-0000-1000-0000000FF1CE},InstallDate,RegSz,20180327,,,,False,False,2018-03-27 09:47:34.0458450,
M:\Forensics\Lone Wolf 2018\KAPE\tout\D\Windows\System32\config\SOFTWARE,Software,Uninstall InstallDate,Installed Software,ROOT\Microsoft\Windows\CurrentVersion\Uninstall\{B2FE1952-0186-46C3-BAEC-A80AA35AC5B8}_Display.3DVision,InstallDate,RegSz,20180327,,,,False,False,2018-03-27 09:21:38.6740919,
M:\Forensics\Lone Wolf 2018\KAPE\tout\D\Windows\System32\config\SOFTWARE,Software,Uninstall InstallDate,Installed Software,ROOT\Microsoft\Windows\CurrentVersion\Uninstall\{B2FE1952-0186-46C3-BAEC-A80AA35AC5B8}_Display.ControlPanel,InstallDate,RegSz,20180327,,,,False,False,2018-03-27 09:21:05.5880618,
M:\Forensics\Lone Wolf 2018\KAPE\tout\D\Windows\System32\config\SOFTWARE,Software,Uninstall InstallDate,Installed Software,ROOT\Microsoft\Windows\CurrentVersion\Uninstall\{B2FE1952-0186-46C3-BAEC-A80AA35AC5B8}_Display.Driver,InstallDate,RegSz,20180327,,,,False,False,2018-03-27 09:21:06.5883289,
M:\Forensics\Lone Wolf 2018\KAPE\tout\D\Windows\System32\config\SOFTWARE,Software,Uninstall InstallDate,Installed Software,ROOT\Microsoft\Windows\CurrentVersion\Uninstall\{B2FE1952-0186-46C3-BAEC-A80AA35AC5B8}_Display.NView,InstallDate,RegSz,20180327,,,,False,False,2018-03-27 09:21:39.3459896,
M:\Forensics\Lone Wolf 2018\KAPE\tout\D\Windows\System32\config\SOFTWARE,Software,Uninstall InstallDate,Installed Software,ROOT\Microsoft\Windows\CurrentVersion\Uninstall\{B2FE1952-0186-46C3-BAEC-A80AA35AC5B8}_HDAudio.Driver,InstallDate,RegSz,20180406,,,,False,False,2018-04-06 12:26:30.5085119,
M:\Forensics\Lone Wolf 2018\KAPE\tout\D\Windows\System32\config\SOFTWARE,Software,Uninstall InstallDate,Installed Software,ROOT\Microsoft\Windows\CurrentVersion\Uninstall\{B2FE1952-0186-46C3-BAEC-A80AA35AC5B8}_installer,InstallDate,RegSz,20180406,,,,False,False,2018-04-06 12:26:30.5105140,
M:\Forensics\Lone Wolf 2018\KAPE\tout\D\Windows\System32\config\SOFTWARE,Software,Uninstall InstallDate,Installed Software,ROOT\Microsoft\Windows\CurrentVersion\Uninstall\{B2FE1952-0186-46C3-BAEC-A80AA35AC5B8}_NVDisplayContainer,InstallDate,RegSz,20180327,,,,False,False,2018-03-27 09:20:59.5097236,
M:\Forensics\Lone Wolf 2018\KAPE\tout\D\Windows\System32\config\SOFTWARE,Software,Uninstall InstallDate,Installed Software,ROOT\Microsoft\Windows\CurrentVersion\Uninstall\{B2FE1952-0186-46C3-BAEC-A80AA35AC5B8}_NVDisplayContainerLS,InstallDate,RegSz,20180327,,,,False,False,2018-03-27 09:20:59.5878506,
M:\Forensics\Lone Wolf 2018\KAPE\tout\D\Windows\System32\config\SOFTWARE,Software,Uninstall InstallDate,Installed Software,ROOT\Microsoft\Windows\CurrentVersion\Uninstall\{C9F786DC-0EBD-4232-A50A-F184FB25908E},InstallDate,RegSz,20180329,,,,False,False,2018-03-29 20:23:17.8372213,
M:\Forensics\Lone Wolf 2018\KAPE\tout\D\Windows\System32\config\SOFTWARE,Software,Uninstall Publisher,Installed Software,ROOT\Microsoft\Windows\CurrentVersion\Uninstall\O365ProPlusRetail - en-us,Publisher,RegSz,Microsoft Corporation,,,,False,False,2018-03-27 09:45:17.2780274,
M:\Forensics\Lone Wolf 2018\KAPE\tout\D\Windows\System32\config\SOFTWARE,Software,Uninstall Publisher,Installed Software,ROOT\Microsoft\Windows\CurrentVersion\Uninstall\S3 Browser_is1,Publisher,RegSz,"NetSDK Software, LLC",,,,False,False,2018-03-27 23:57:19.1651146,
M:\Forensics\Lone Wolf 2018\KAPE\tout\D\Windows\System32\config\SOFTWARE,Software,Uninstall Publisher,Installed Software,ROOT\Microsoft\Windows\CurrentVersion\Uninstall\VulkanRT1.0.26.0,Publisher,RegSz,"LunarG, Inc.",,,,False,False,2018-03-27 09:21:06.3805731,
M:\Forensics\Lone Wolf 2018\KAPE\tout\D\Windows\System32\config\SOFTWARE,Software,Uninstall Publisher,Installed Software,ROOT\Microsoft\Windows\CurrentVersion\Uninstall\{4B7277C7-9CEE-45FC-B36B-19AD28281B9C},Publisher,RegSz,"Google, Inc.",,,,False,False,2018-03-27 23:46:40.0084358,
M:\Forensics\Lone Wolf 2018\KAPE\tout\D\Windows\System32\config\SOFTWARE,Software,Uninstall Publisher,Installed Software,ROOT\Microsoft\Windows\CurrentVersion\Uninstall\{90160000-008F-0000-1000-0000000FF1CE},Publisher,RegSz,Microsoft Corporation,,,,False,False,2018-03-27 09:45:23.6219942,
M:\Forensics\Lone Wolf 2018\KAPE\tout\D\Windows\System32\config\SOFTWARE,Software,Uninstall Publisher,Installed Software,ROOT\Microsoft\Windows\CurrentVersion\Uninstall\{90160000-00DD-0000-1000-0000000FF1CE},Publisher,RegSz,Microsoft Corporation,,,,False,False,2018-03-27 09:47:34.0458450,
M:\Forensics\Lone Wolf 2018\KAPE\tout\D\Windows\System32\config\SOFTWARE,Software,Uninstall Publisher,Installed Software,ROOT\Microsoft\Windows\CurrentVersion\Uninstall\{9F72EF8B-AEC9-4CA5-B483-143980AFD6FD},Publisher,RegSz,"ALPS ELECTRIC CO., LTD.",,,,False,False,2018-03-27 09:17:25.1269485,
M:\Forensics\Lone Wolf 2018\KAPE\tout\D\Windows\System32\config\SOFTWARE,Software,Uninstall Publisher,Installed Software,ROOT\Microsoft\Windows\CurrentVersion\Uninstall\{B2FE1952-0186-46C3-BAEC-A80AA35AC5B8}_Display.3DVision,Publisher,RegSz,NVIDIA Corporation,,,,False,False,2018-03-27 09:21:38.6740919,
M:\Forensics\Lone Wolf 2018\KAPE\tout\D\Windows\System32\config\SOFTWARE,Software,Uninstall Publisher,Installed Software,ROOT\Microsoft\Windows\CurrentVersion\Uninstall\{B2FE1952-0186-46C3-BAEC-A80AA35AC5B8}_Display.ControlPanel,Publisher,RegSz,NVIDIA Corporation,,,,False,False,2018-03-27 09:21:05.5880618,
M:\Forensics\Lone Wolf 2018\KAPE\tout\D\Windows\System32\config\SOFTWARE,Software,Uninstall Publisher,Installed Software,ROOT\Microsoft\Windows\CurrentVersion\Uninstall\{B2FE1952-0186-46C3-BAEC-A80AA35AC5B8}_Display.Driver,Publisher,RegSz,NVIDIA Corporation,,,,False,False,2018-03-27 09:21:06.5883289,
M:\Forensics\Lone Wolf 2018\KAPE\tout\D\Windows\System32\config\SOFTWARE,Software,Uninstall Publisher,Installed Software,ROOT\Microsoft\Windows\CurrentVersion\Uninstall\{B2FE1952-0186-46C3-BAEC-A80AA35AC5B8}_Display.NView,Publisher,RegSz,NVIDIA Corporation,,,,False,False,2018-03-27 09:21:39.3459896,
M:\Forensics\Lone Wolf 2018\KAPE\tout\D\Windows\System32\config\SOFTWARE,Software,Uninstall Publisher,Installed Software,ROOT\Microsoft\Windows\CurrentVersion\Uninstall\{B2FE1952-0186-46C3-BAEC-A80AA35AC5B8}_HDAudio.Driver,Publisher,RegSz,NVIDIA Corporation,,,,False,False,2018-04-06 12:26:30.5085119,
M:\Forensics\Lone Wolf 2018\KAPE\tout\D\Windows\System32\config\SOFTWARE,Software,Uninstall Publisher,Installed Software,ROOT\Microsoft\Windows\CurrentVersion\Uninstall\{B2FE1952-0186-46C3-BAEC-A80AA35AC5B8}_installer,Publisher,RegSz,NVIDIA Corporation,,,,False,False,2018-04-06 12:26:30.5105140,
M:\Forensics\Lone Wolf 2018\KAPE\tout\D\Windows\System32\config\SOFTWARE,Software,Uninstall Publisher,Installed Software,ROOT\Microsoft\Windows\CurrentVersion\Uninstall\{B2FE1952-0186-46C3-BAEC-A80AA35AC5B8}_NVDisplayContainer,Publisher,RegSz,NVIDIA Corporation,,,,False,False,2018-03-27 09:20:59.5097236,
M:\Forensics\Lone Wolf 2018\KAPE\tout\D\Windows\System32\config\SOFTWARE,Software,Uninstall Publisher,Installed Software,ROOT\Microsoft\Windows\CurrentVersion\Uninstall\{B2FE1952-0186-46C3-BAEC-A80AA35AC5B8}_NVDisplayContainerLS,Publisher,RegSz,NVIDIA Corporation,,,,False,False,2018-03-27 09:20:59.5878506,
M:\Forensics\Lone Wolf 2018\KAPE\tout\D\Windows\System32\config\SOFTWARE,Software,Uninstall Publisher,Installed Software,ROOT\Microsoft\Windows\CurrentVersion\Uninstall\{C9F786DC-0EBD-4232-A50A-F184FB25908E},Publisher,RegSz,"Box, Inc.",,,,False,False,2018-03-29 20:23:17.8372213,
M:\Forensics\Lone Wolf 2018\KAPE\tout\D\Windows\System32\config\SOFTWARE,Software,Wow6432 Uninstall DisplayName,Installed Software,ROOT\WOW6432Node\Microsoft\Windows\CurrentVersion\Uninstall\Dropbox,DisplayName,RegSz,Dropbox,,,,False,False,2018-03-29 21:10:16.4950720,
M:\Forensics\Lone Wolf 2018\KAPE\tout\D\Windows\System32\config\SOFTWARE,Software,Wow6432 Uninstall DisplayName,Installed Software,ROOT\WOW6432Node\Microsoft\Windows\CurrentVersion\Uninstall\Google Chrome,DisplayName,RegSz,Google Chrome,,,,False,False,2018-03-27 09:32:50.8573126,
M:\Forensics\Lone Wolf 2018\KAPE\tout\D\Windows\System32\config\SOFTWARE,Software,Wow6432 Uninstall DisplayName,Installed Software,ROOT\WOW6432Node\Microsoft\Windows\CurrentVersion\Uninstall\NVIDIAStereo,DisplayName,RegSz,NVIDIA Stereoscopic 3D Driver,,,,False,False,2018-03-27 09:21:38.6272156,
M:\Forensics\Lone Wolf 2018\KAPE\tout\D\Windows\System32\config\SOFTWARE,Software,Wow6432 Uninstall DisplayName,Installed Software,ROOT\WOW6432Node\Microsoft\Windows\CurrentVersion\Uninstall\{099218A5-A723-43DC-8DB5-6173656A1E94},DisplayName,RegSz,Dropbox Update Helper,,,,False,False,2018-03-28 00:03:24.2341338,
M:\Forensics\Lone Wolf 2018\KAPE\tout\D\Windows\System32\config\SOFTWARE,Software,Wow6432 Uninstall DisplayName,Installed Software,ROOT\WOW6432Node\Microsoft\Windows\CurrentVersion\Uninstall\{60EC980A-BDA2-4CB6-A427-B07A5498B4CA},DisplayName,RegSz,Google Update Helper,,,,False,False,2018-03-27 09:34:39.4844283,
M:\Forensics\Lone Wolf 2018\KAPE\tout\D\Windows\System32\config\SOFTWARE,Software,Wow6432 Uninstall DisplayName,Installed Software,ROOT\WOW6432Node\Microsoft\Windows\CurrentVersion\Uninstall\{7a31e654-f419-48e9-8dad-aa87dd7294f1},DisplayName,RegSz,Box Sync,,,,False,False,2018-03-28 00:44:23.0272144,
M:\Forensics\Lone Wolf 2018\KAPE\tout\D\Windows\System32\config\SOFTWARE,Software,Wow6432 Uninstall DisplayName,Installed Software,ROOT\WOW6432Node\Microsoft\Windows\CurrentVersion\Uninstall\{90160000-008C-0000-0000-0000000FF1CE},DisplayName,RegSz,Office 16 Click-to-Run Extensibility Component,,,,False,False,2018-03-27 09:47:33.6705134,
M:\Forensics\Lone Wolf 2018\KAPE\tout\D\Windows\System32\config\SOFTWARE,Software,Wow6432 Uninstall DisplayName,Installed Software,ROOT\WOW6432Node\Microsoft\Windows\CurrentVersion\Uninstall\{90160000-008C-0409-0000-0000000FF1CE},DisplayName,RegSz,Office 16 Click-to-Run Localization Component,,,,False,False,2018-03-27 09:47:29.2387735,
M:\Forensics\Lone Wolf 2018\KAPE\tout\D\Windows\System32\config\SOFTWARE,Software,Wow6432 Uninstall InstallDate,Installed Software,ROOT\WOW6432Node\Microsoft\Windows\CurrentVersion\Uninstall\Google Chrome,InstallDate,RegSz,20180327,,,,False,False,2018-03-27 09:32:50.8573126,
M:\Forensics\Lone Wolf 2018\KAPE\tout\D\Windows\System32\config\SOFTWARE,Software,Wow6432 Uninstall InstallDate,Installed Software,ROOT\WOW6432Node\Microsoft\Windows\CurrentVersion\Uninstall\{099218A5-A723-43DC-8DB5-6173656A1E94},InstallDate,RegSz,20180327,,,,False,False,2018-03-28 00:03:24.2341338,
M:\Forensics\Lone Wolf 2018\KAPE\tout\D\Windows\System32\config\SOFTWARE,Software,Wow6432 Uninstall InstallDate,Installed Software,ROOT\WOW6432Node\Microsoft\Windows\CurrentVersion\Uninstall\{60EC980A-BDA2-4CB6-A427-B07A5498B4CA},InstallDate,RegSz,20180327,,,,False,False,2018-03-27 09:34:39.4844283,
M:\Forensics\Lone Wolf 2018\KAPE\tout\D\Windows\System32\config\SOFTWARE,Software,Wow6432 Uninstall InstallDate,Installed Software,ROOT\WOW6432Node\Microsoft\Windows\CurrentVersion\Uninstall\{90160000-008C-0000-0000-0000000FF1CE},InstallDate,RegSz,20180327,,,,False,False,2018-03-27 09:47:33.6705134,
M:\Forensics\Lone Wolf 2018\KAPE\tout\D\Windows\System32\config\SOFTWARE,Software,Wow6432 Uninstall InstallDate,Installed Software,ROOT\WOW6432Node\Microsoft\Windows\CurrentVersion\Uninstall\{90160000-008C-0409-0000-0000000FF1CE},InstallDate,RegSz,20180327,,,,False,False,2018-03-27 09:47:29.2387735,
M:\Forensics\Lone Wolf 2018\KAPE\tout\D\Windows\System32\config\SOFTWARE,Software,Wow6432 Uninstall Publisher,Installed Software,ROOT\WOW6432Node\Microsoft\Windows\CurrentVersion\Uninstall\Dropbox,Publisher,RegSz,"Dropbox, Inc.",,,,False,False,2018-03-29 21:10:16.4950720,
M:\Forensics\Lone Wolf 2018\KAPE\tout\D\Windows\System32\config\SOFTWARE,Software,Wow6432 Uninstall Publisher,Installed Software,ROOT\WOW6432Node\Microsoft\Windows\CurrentVersion\Uninstall\Google Chrome,Publisher,RegSz,Google Inc.,,,,False,False,2018-03-27 09:32:50.8573126,
M:\Forensics\Lone Wolf 2018\KAPE\tout\D\Windows\System32\config\SOFTWARE,Software,Wow6432 Uninstall Publisher,Installed Software,ROOT\WOW6432Node\Microsoft\Windows\CurrentVersion\Uninstall\NVIDIAStereo,Publisher,RegSz,NVIDIA Corporation,,,,False,False,2018-03-27 09:21:38.6272156,
M:\Forensics\Lone Wolf 2018\KAPE\tout\D\Windows\System32\config\SOFTWARE,Software,Wow6432 Uninstall Publisher,Installed Software,ROOT\WOW6432Node\Microsoft\Windows\CurrentVersion\Uninstall\{099218A5-A723-43DC-8DB5-6173656A1E94},Publisher,RegSz,"Dropbox, Inc.",,,,False,False,2018-03-28 00:03:24.2341338,
M:\Forensics\Lone Wolf 2018\KAPE\tout\D\Windows\System32\config\SOFTWARE,Software,Wow6432 Uninstall Publisher,Installed Software,ROOT\WOW6432Node\Microsoft\Windows\CurrentVersion\Uninstall\{60EC980A-BDA2-4CB6-A427-B07A5498B4CA},Publisher,RegSz,Google Inc.,,,,False,False,2018-03-27 09:34:39.4844283,
M:\Forensics\Lone Wolf 2018\KAPE\tout\D\Windows\System32\config\SOFTWARE,Software,Wow6432 Uninstall Publisher,Installed Software,ROOT\WOW6432Node\Microsoft\Windows\CurrentVersion\Uninstall\{7a31e654-f419-48e9-8dad-aa87dd7294f1},Publisher,RegSz,Box Inc.,,,,False,False,2018-03-28 00:44:23.0272144,
M:\Forensics\Lone Wolf 2018\KAPE\tout\D\Windows\System32\config\SOFTWARE,Software,Wow6432 Uninstall Publisher,Installed Software,ROOT\WOW6432Node\Microsoft\Windows\CurrentVersion\Uninstall\{90160000-008C-0000-0000-0000000FF1CE},Publisher,RegSz,Microsoft Corporation,,,,False,False,2018-03-27 09:47:33.6705134,
M:\Forensics\Lone Wolf 2018\KAPE\tout\D\Windows\System32\config\SOFTWARE,Software,Wow6432 Uninstall Publisher,Installed Software,ROOT\WOW6432Node\Microsoft\Windows\CurrentVersion\Uninstall\{90160000-008C-0409-0000-0000000FF1CE},Publisher,RegSz,Microsoft Corporation,,,,False,False,2018-03-27 09:47:29.2387735,
