ApplicationName,ProgramId,FileKeyLastWriteTimestamp,SHA1,IsOsComponent,FullPath,Name,FileExtension,LinkDate,ProductName,Size,Version,ProductVersion,LongPathHash,BinaryType,IsPeFile,BinFileVersion,BinProductVersion,Language,Usn,Description
S3 Browser version 7.6.9,00000dc2b5a1cd9889f573e36bdb64bfb65f0000ffff,2018-03-27 23:57:55,930649a0bf5969bec6acb7cb6f6dd234367623f7,False,c:\program files\s3 browser\s3browser-con.exe,s3browser-con.exe,.exe,2018-03-27 10:09:41,s3 browser command line tool,618112,7.6.9.0,7.6.9.0,s3browser-con.ex|17bd3c01c5c7a4b,pe32_clr_il,True,7.6.9.0,7.6.9.0,0,0,
S3 Browser version 7.6.9,00000dc2b5a1cd9889f573e36bdb64bfb65f0000ffff,2018-03-27 23:57:55,97ad220fe68e5e68f377d1b0dca28719a307148e,False,c:\program files\s3 browser\s3browser-win32.exe,s3browser-win32.exe,.exe,2018-03-27 10:09:35,s3 browser,3042432,7.6.9.0,7.6.9.0,s3browser-win32.|6e37b48855cf6617,pe32_clr_il,True,7.6.9.0,7.6.9.0,0,0,
S3 Browser version 7.6.9,00000dc2b5a1cd9889f573e36bdb64bfb65f0000ffff,2018-03-27 23:57:55,3fc9c09d37a67e19d3cb47db8bc15fb42662d9e1,False,c:\program files\s3 browser\unins000.exe,unins000.exe,.exe,1992-06-19 22:22:17,,719521,51.52.0.0,,unins000.exe|fbe4a2b6f01c1e66,pe32_i386,True,51.52.0.0,0.0.0.0,0,0,
Google Chrome,00002e66c77baab7ebb44c2738eab3cf3c3c0000ffff,2018-03-27 09:47:39,465da61a183afc43f0556ec718c321a7a6a45d54,False,c:\program files (x86)\google\chrome\application\65.0.3325.181\installer\chrmstp.exe,chrmstp.exe,.exe,2018-03-20 03:31:53,google chrome installer,1921368,65.0.3325.181,65.0.3325.181,chrmstp.exe|23efb43e847802a6,pe64_amd64,True,65.0.3325.181,65.0.3325.181,1033,0,
Google Chrome,00002e66c77baab7ebb44c2738eab3cf3c3c0000ffff,2018-03-27 09:47:39,e5f54a2f3a004af4c3cd24883b4f1ce38ee583d8,False,c:\program files (x86)\google\chrome\application\chrome.exe,chrome.exe,.exe,,,1589592,65.0.3325.181,,chrome.exe|467d7dab451d03b5,pe64_amd64,True,65.0.3325.181,,1033,0,
Google Chrome,00002e66c77baab7ebb44c2738eab3cf3c3c0000ffff,2018-03-27 09:47:39,465da61a183afc43f0556ec718c321a7a6a45d54,False,c:\program files (x86)\google\chrome\application\65.0.3325.181\installer\setup.exe,setup.exe,.exe,2018-03-20 03:31:53,google chrome installer,1921368,65.0.3325.181,65.0.3325.181,setup.exe|e4e9f7e025838c05,pe64_amd64,True,65.0.3325.181,65.0.3325.181,1033,0,
Box Sync,00002fd1fcf05abed5137d6c077ca1e218190000ffff,2018-03-28 00:45:18,6c2b4c64d48f8f2fd01ae4f1a618e2f9f2004131,False,c:\programdata\package cache\{7a31e654-f419-48e9-8dad-aa87dd7294f1}\boxsyncsetup.exe,boxsyncsetup.exe,.exe,2016-01-16 21:18:53,box sync,582440,4.0.7886.0,4.0.7886.0,boxsyncsetup.exe|975a1f2e5ea8aea8,pe32_i386,True,4.0.7886.0,4.0.7886.0,1033,0,
NVIDIA Stereoscopic 3D Driver,00003296c2213f9eb2df1a5ab5107c003ebe0000ffff,2018-03-27 09:47:39,2f56f14b9692ea55767a05d93b8a05928d0d21e2,False,c:\program files (x86)\nvidia corporation\3d vision\nvstereoutilityogl.exe,nvstereoutilityogl.exe,.exe,2012-10-09 20:38:18,nvidia opengl stereo sample,903104,"1, 2, 2, 0","1, 2, 2, 0",nvstereoutilityo|c1be8f27ad97ab98,pe32_i386,True,1.2.2.0,1.2.2.0,1033,0,
NVIDIA Stereoscopic 3D Driver,00003296c2213f9eb2df1a5ab5107c003ebe0000ffff,2018-03-27 09:47:39,684d6dd30b890d4a04709e7f42ea29e27a08d1bd,False,c:\program files (x86)\nvidia corporation\3d vision\nvstinst.exe,nvstinst.exe,.exe,2016-12-29 12:25:30,stereoscpic 3d driver installer api,351680,7.17.13.7654,7.17.13.7654,nvstinst.exe|8da96c397a193014,pe32_i386,True,7.17.13.7654,7.17.13.7654,1033,0,
NVIDIA Stereoscopic 3D Driver,00003296c2213f9eb2df1a5ab5107c003ebe0000ffff,2018-03-27 09:47:39,74d74ea71b808d3e44c83a65de0987ffc755a1c4,False,c:\program files (x86)\nvidia corporation\3d vision\nvstlink.exe,nvstlink.exe,.exe,2016-12-29 12:25:27,nvidia geforce 3d vision,626624,7.17.13.7654,7.17.13.7654,nvstlink.exe|a614026faef887da,pe32_i386,True,7.17.13.7654,7.17.13.7654,1033,0,
NVIDIA Stereoscopic 3D Driver,00003296c2213f9eb2df1a5ab5107c003ebe0000ffff,2018-03-27 09:47:39,437567c918442e73c21d053bf5f0389000ada093,False,c:\program files (x86)\nvidia corporation\3d vision\nvstreg.exe,nvstreg.exe,.exe,2016-12-29 12:24:11,stereoscpic 3d registry tool,444352,7.17.13.7654,7.17.13.7654,nvstreg.exe|14b5bcdbde5d9c26,pe32_i386,True,7.17.13.7654,7.17.13.7654,1033,0,
NVIDIA Stereoscopic 3D Driver,00003296c2213f9eb2df1a5ab5107c003ebe0000ffff,2018-03-27 09:47:39,a15d08f452eb228c4d2142bc1d4f5f16e3917725,False,c:\program files (x86)\nvidia corporation\3d vision\nvsttest.exe,nvsttest.exe,.exe,2016-12-29 12:24:02,nvidia 3d vision test application,2479552,7.17.13.7654,7.17.13.7654,nvsttest.exe|d5d0df7f48c5af9c,pe32_i386,True,7.17.13.7654,7.17.13.7654,1033,0,
NVIDIA Stereoscopic 3D Driver,00003296c2213f9eb2df1a5ab5107c003ebe0000ffff,2018-03-27 09:47:39,e6b7e676caf0474df96aaddef8485165816fe5aa,False,c:\program files (x86)\nvidia corporation\3d vision\nvstview.exe,nvstview.exe,.exe,2016-12-29 12:23:36,nvidia 3d vision photo viewer,1767872,7.17.13.7654,7.17.13.7654,nvstview.exe|e207c71abb75dc07,pe32_i386,True,7.17.13.7654,7.17.13.7654,1033,0,
NVIDIA Stereoscopic 3D Driver,00003296c2213f9eb2df1a5ab5107c003ebe0000ffff,2018-03-27 09:47:39,d6a02a92baa6bd950a271493bf76eef7dbfe3649,False,c:\program files (x86)\nvidia corporation\3d vision\nvstwiz.exe,nvstwiz.exe,.exe,2016-12-29 12:25:19,geforce 3d vision wizard,7869376,7.17.13.7654,7.17.13.7654,nvstwiz.exe|6afcd81c5019ff27,pe32_i386,True,7.17.13.7654,7.17.13.7654,1033,0,
Office 16 Click-to-Run Extensibility Component,0000bf9e192c64de7f45c93ba9a6cd7ca07800000000,2018-03-27 09:48:05,f37ee96c4bb98fda97093b37ae539c5b0228abe9,False,c:\program files (x86)\common files\microsoft shared\vsto\10.0\vstoinstaller.exe,vstoinstaller.exe,.exe,2015-03-01 05:24:01,microsoft® visual studio® 2010,82592,10.0.60301.0 built by: vsto_rel,10.0.60301.0,vstoinstaller.ex|4af637e234df85fb,pe32_i386,True,10.0.60301.0,10.0.60301.0,1033,0,
NVIDIA HD Audio Driver 1.3.34.17,0000c97d9d2e772d6ab1d7f5c03d7e7aceb100000008,2018-03-27 23:47:17,ab15bf6dfbecf78729cb099d6350489b51d8f51b,False,c:\program files\nvidia corporation\installer2\hdaudio.driver.{c9749f82-1dc5-4236-84fd-7a6a01852afa}\nvhda32.sys,nvhda32.sys,.sys,2016-09-29 13:24:15,nvidia hdmi audio driver,154304,1.3.34.17 built by: winddk,1.3.34.17,nvhda32.sys|411c779a5db23275,pe32_i386,True,1.3.34.17,1.3.34.17,1033,0,
NVIDIA HD Audio Driver 1.3.34.17,0000c97d9d2e772d6ab1d7f5c03d7e7aceb100000008,2018-03-27 23:47:17,4a1e586cc84f9fe2b8ab957d35dc29084c0337cf,False,c:\program files\nvidia corporation\installer2\hdaudio.driver.{c9749f82-1dc5-4236-84fd-7a6a01852afa}\nvhda32v.sys,nvhda32v.sys,.sys,2016-09-29 13:24:46,nvidia hdmi audio driver,187840,1.3.34.17,1.3.34.17,nvhda32v.sys|1efe793f0caa2f9b,pe32_i386,True,1.3.34.17,1.3.34.17,1033,0,
NVIDIA HD Audio Driver 1.3.34.17,0000c97d9d2e772d6ab1d7f5c03d7e7aceb100000008,2018-03-27 23:47:17,4a0c992493ab4e2b87ca8ddb0d418c4dd16f4a65,False,c:\program files\nvidia corporation\installer2\hdaudio.driver.{c9749f82-1dc5-4236-84fd-7a6a01852afa}\nvhda64.sys,nvhda64.sys,.sys,2016-09-29 13:24:25,nvidia hdmi audio driver,190520,1.3.34.17 built by: winddk,1.3.34.17,nvhda64.sys|46f46652e2ab4c23,pe64_amd64,True,1.3.34.17,1.3.34.17,1033,0,
NVIDIA HD Audio Driver 1.3.34.17,0000c97d9d2e772d6ab1d7f5c03d7e7aceb100000008,2018-03-27 23:47:17,60a6b092bce14d9506622fd1a669505ea6b9e1b7,False,c:\program files\nvidia corporation\installer2\hdaudio.driver.{c9749f82-1dc5-4236-84fd-7a6a01852afa}\nvhda64v.sys,nvhda64v.sys,.sys,2016-09-29 13:25:06,nvidia hdmi audio driver,221632,1.3.34.17,1.3.34.17,nvhda64v.sys|937bab920e4cc751,pe64_amd64,True,1.3.34.17,1.3.34.17,1033,0,
Vulkan Run Time Libraries 1.0.26.0,0000c9bb7550b6d21395f29c2b46f12125a60000ffff,2018-03-27 09:47:39,690718ff834b63d6789d34d77be81e670133b473,False,c:\program files (x86)\vulkanrt\1.0.26.0\uninstallvulkanrt.exe,uninstallvulkanrt.exe,.exe,2016-05-02 17:51:24,vulkan runtime,411912,1.0.26.0,1.0.26.0,uninstallvulkanr|d77c2b941a045aa3,pe32_i386,True,1.0.26.0,1.0.26.0,1033,0,
Vulkan Run Time Libraries 1.0.26.0,0000c9bb7550b6d21395f29c2b46f12125a60000ffff,2018-03-27 09:47:39,3e9f42fdf66177ac5b6a5d0c30fedc2e03a32c3a,False,c:\program files (x86)\vulkanrt\1.0.26.0\vulkaninfo.exe,vulkaninfo.exe,.exe,2016-09-09 17:58:20,,125216,,,vulkaninfo.exe|8888c39635904eaf,pe64_amd64,True,,,0,0,
Vulkan Run Time Libraries 1.0.26.0,0000c9bb7550b6d21395f29c2b46f12125a60000ffff,2018-03-27 09:47:39,e52a32b50d4b46b6bd072bd5524848ce5f58b205,False,c:\program files (x86)\vulkanrt\1.0.26.0\vulkaninfo32.exe,vulkaninfo32.exe,.exe,2016-09-09 18:01:07,,110880,,,vulkaninfo32.exe|cfdabdbca4da2061,pe32_i386,True,,,0,0,
Microsoft OneDrive,0000d330fd863a425c3d6fa5390d5d0c0d700000ffff,2018-04-04 06:00:17,80fa7d10c64ced4e15c6505e03299bd38f9f81d6,False,c:\users\jcloudy\appdata\local\microsoft\onedrive\18.044.0301.0006\filecoauth.exe,filecoauth.exe,.exe,2018-03-23 21:34:02,microsoft onedrive,300704,18.044.0301.0006,18.044.0301.0006,filecoauth.exe|4f94b10581a225ed,pe32_i386,True,18.44.301.6,18.44.301.6,1033,0,
Microsoft OneDrive,0000d330fd863a425c3d6fa5390d5d0c0d700000ffff,2018-04-04 06:00:17,a1f63926423f032abf5db1fa18527e54762e0bb7,False,c:\users\jcloudy\appdata\local\microsoft\onedrive\18.044.0301.0006\filesyncconfig.exe,filesyncconfig.exe,.exe,2018-03-23 21:31:59,microsoft onedrive,244896,18.044.0301.0006,18.044.0301.0006,filesyncconfig.e|c9f0e1cc70ef4df0,pe32_i386,True,18.44.301.6,18.44.301.6,1033,0,
Microsoft OneDrive,0000d330fd863a425c3d6fa5390d5d0c0d700000ffff,2018-04-04 06:00:17,e8bd756a969cd716cab14905373e7dfdbba2f2ab,False,c:\users\jcloudy\appdata\local\microsoft\onedrive\18.044.0301.0006\onedrivesetup.exe,onedrivesetup.exe,.exe,2018-03-23 21:34:24,microsoft onedrive,25238176,18.044.0301.0006,18.044.0301.0006,onedrivesetup.ex|2b2388ecc9ddcc6f,pe32_i386,True,18.44.301.6,18.44.301.6,1033,0,
Microsoft Office 365 ProPlus - en-us,0000f18ce3f4966f25d15071664625e9a63c0000ffff,2018-03-27 09:47:39,27608295b2c7876308349ba16fd9e50da3c4c816,False,c:\program files (x86)\microsoft office\root\vfs\windows\installer\{90160000-000f-0000-0000-0000000ff1ce}\accicons.exe,accicons.exe,.exe,2017-08-12 05:45:52,microsoft office 2016,3757768,16.0.8326.2076,16.0.8326.2076,accicons.exe|3c331dd9d73f2342,pe32_i386,True,16.0.8326.2076,16.0.8326.0,0,0,
Microsoft Office 365 ProPlus - en-us,0000f18ce3f4966f25d15071664625e9a63c0000ffff,2018-03-27 09:47:39,27608295b2c7876308349ba16fd9e50da3c4c816,False,c:\program files (x86)\microsoft office\root\office16\accicons.exe,accicons.exe,.exe,2017-08-12 05:45:52,microsoft office 2016,3757768,16.0.8326.2076,16.0.8326.2076,accicons.exe|9ccd804cfe70335d,pe32_i386,True,16.0.8326.2076,16.0.8326.0,0,0,
Microsoft Office 365 ProPlus - en-us,0000f18ce3f4966f25d15071664625e9a63c0000ffff,2018-03-27 09:47:39,4cbb93e4b7d9652834b454bc17553fa69fdd9762,False,c:\program files (x86)\microsoft office\root\office16\appsharinghookcontroller.exe,appsharinghookcontroller.exe,.exe,2017-08-12 06:12:23,microsoft office 2016,45256,16.0.8326.2076,16.0.8326.2076,appsharinghookco|7a1b2da483fc5a40,pe32_i386,True,16.0.8326.2076,16.0.8326.2076,0,0,
Microsoft Office 365 ProPlus - en-us,0000f18ce3f4966f25d15071664625e9a63c0000ffff,2018-03-27 09:47:39,00f9dd0b51df6ab7411eeb77eb8ef231b4fddc51,False,c:\program files (x86)\microsoft office\root\vfs\programfilesx64\microsoft office\office16\appsharinghookcontroller64.exe,appsharinghookcontroller64.exe,.exe,2017-08-12 06:31:26,microsoft office 2016,50888,16.0.8326.2076,16.0.8326.2076,appsharinghookco|e55c2a825087c669,pe64_amd64,True,16.0.8326.2076,16.0.8326.2076,0,0,
Microsoft Office 365 ProPlus - en-us,0000f18ce3f4966f25d15071664625e9a63c0000ffff,2018-03-27 09:47:39,8516452bac14592da7e74c3b541f534ef9b75c78,False,c:\program files (x86)\microsoft office\root\client\appvdllsurrogate64.exe,appvdllsurrogate64.exe,.exe,2017-05-15 21:34:56,microsoft application virtualization (app-v),227632,5.1.125.0,5.1.125.0,appvdllsurrogate|d001fe9ceae44236,pe64_amd64,True,5.1.125.0,5.1.125.0,1033,0,
Microsoft Office 365 ProPlus - en-us,0000f18ce3f4966f25d15071664625e9a63c0000ffff,2018-03-27 09:47:39,a536423256becc7fa873a5af70ad0ac6f053312d,False,c:\program files (x86)\microsoft office\root\client\appvdllsurrogate32.exe,appvdllsurrogate32.exe,.exe,2017-05-15 21:34:15,microsoft application virtualization (app-v),196400,5.1.125.0,5.1.125.0,appvdllsurrogate|e3d52f62f9fc0298,pe32_i386,True,5.1.125.0,5.1.125.0,1033,0,
Microsoft Office 365 ProPlus - en-us,0000f18ce3f4966f25d15071664625e9a63c0000ffff,2018-03-27 09:47:39,d5e10d6bcdff4247bacb0ff84ca722a1b32cc6d7,False,c:\program files (x86)\microsoft office\root\client\appvlp.exe,appvlp.exe,.exe,2017-05-15 21:43:02,microsoft application virtualization (app-v),426696,5.1.125.0,5.1.125.0,appvlp.exe|33eee3c04e94fa0a,pe32_i386,True,5.1.125.0,5.1.125.0,1033,0,
Microsoft Office 365 ProPlus - en-us,0000f18ce3f4966f25d15071664625e9a63c0000ffff,2018-03-27 09:47:39,6a280229f747ed8b68b16b324e4f415283e41113,False,c:\program files (x86)\microsoft office\root\office16\clview.exe,clview.exe,.exe,2018-03-03 11:35:08,microsoft office help viewer,378032,16.0.8431.2236,16.0.8431.2236,clview.exe|f3a6aa456f9914f4,pe32_i386,True,16.0.8431.2236,16.0.8431.2236,0,0,
Microsoft Office 365 ProPlus - en-us,0000f18ce3f4966f25d15071664625e9a63c0000ffff,2018-03-27 09:47:39,d464f9d25884d652fc339de5036da19e3c1af36e,False,c:\program files (x86)\microsoft office\root\office16\cnfnot32.exe,cnfnot32.exe,.exe,2018-03-03 12:50:20,microsoft outlook,151728,16.0.8431.2236,16.0.8431.2236,cnfnot32.exe|a4f2f948528461af,pe32_i386,True,16.0.8431.2236,16.0.8431.2236,0,0,
Microsoft Office 365 ProPlus - en-us,0000f18ce3f4966f25d15071664625e9a63c0000ffff,2018-03-27 09:47:39,5f4075b60648ea9f83468ca795dcff7b89bf629b,False,c:\program files (x86)\microsoft office\root\office16\dcf\common.dbconnection64.exe,common.dbconnection64.exe,.exe,2017-08-12 06:12:19,microsoft office 2016,37576,16.0.8326.2076,16.0.8326.2076,common.dbconnect|8938d9b6c92e200e,pe64_clr_64,True,16.0.8326.2076,16.0.8326.2076,0,0,
Microsoft Office 365 ProPlus - en-us,0000f18ce3f4966f25d15071664625e9a63c0000ffff,2018-03-27 09:47:39,b1e9e0ca14985a39d9b5222c47d2301e15fbaa76,False,c:\program files (x86)\microsoft office\root\office16\dcf\common.dbconnection.exe,common.dbconnection.exe,.exe,2017-08-12 06:12:17,microsoft office 2016,38600,16.0.8326.2076,16.0.8326.2076,common.dbconnect|de020247fc6a7be2,pe32_clr_32,True,16.0.8326.2076,16.0.8326.2076,0,0,
Microsoft Office 365 ProPlus - en-us,0000f18ce3f4966f25d15071664625e9a63c0000ffff,2018-03-27 09:47:39,06124335fc5040875e9721ec6fa1a5d213f6a796,False,c:\program files (x86)\microsoft office\root\office16\dcf\common.showhelp.exe,common.showhelp.exe,.exe,2017-08-12 10:06:50,microsoft office 2016,29896,16.0.8326.2076,16.0.8326.2076,common.showhelp.|b61185c734116b79,pe32_i386,True,16.0.8326.2076,16.0.8326.0,0,0,
Microsoft Office 365 ProPlus - en-us,0000f18ce3f4966f25d15071664625e9a63c0000ffff,2018-03-27 09:47:39,4e475a673afe70d79ef541ab8684bb8a0433911f,False,c:\program files (x86)\microsoft office\root\vfs\programfilescommonx86\microsoft shared\office16\csisyncclient.exe,csisyncclient.exe,.exe,2018-03-03 11:31:40,microsoft office 2016,122032,16.0.8431.2236,16.0.8431.2236,csisyncclient.ex|67154a112cf642b2,pe32_i386,True,16.0.8431.2236,16.0.8431.2236,0,0,
Microsoft Office 365 ProPlus - en-us,0000f18ce3f4966f25d15071664625e9a63c0000ffff,2018-03-27 09:47:39,4d3d212b1af28f5df471a803358ddd9eac92f4f3,False,c:\program files (x86)\microsoft office\root\office16\dcf\databasecompare.exe,databasecompare.exe,.exe,2017-08-12 08:02:45,microsoft office 2016,185032,16.0.8326.2076,16.0.8326.2076,databasecompare.|f3f219e9630f6a01,pe32_clr_32,True,16.0.8326.2076,16.0.8326.2076,0,0,
Microsoft Office 365 ProPlus - en-us,0000f18ce3f4966f25d15071664625e9a63c0000ffff,2018-03-27 09:47:39,f862eb9315157ae6e08f4e023e76e736ddc540e9,False,c:\program files (x86)\microsoft office\root\vfs\windows\installer\{90160000-000f-0000-0000-0000000ff1ce}\dbcicons.exe,dbcicons.exe,.exe,2017-08-12 05:45:50,microsoft office 2016,78536,16.0.8326.2076,16.0.8326.2076,dbcicons.exe|57a1ced1cd89f97,pe32_i386,True,16.0.8326.2076,16.0.8326.0,0,0,
Microsoft Office 365 ProPlus - en-us,0000f18ce3f4966f25d15071664625e9a63c0000ffff,2018-03-27 09:47:39,413de794dd9e06a408d2fc144faeaaccd508664c,False,c:\program files (x86)\microsoft office\root\vfs\programfilescommonx86\microsoft shared\dw\dw20.exe,dw20.exe,.exe,2017-08-20 05:19:15,microsoft application error reporting,1505472,16.0.8431.2046,16.0.8431.2046,dw20.exe|d3188e4fab1844a7,pe32_i386,True,16.0.8431.2046,16.0.8431.0,0,0,
Microsoft Office 365 ProPlus - en-us,0000f18ce3f4966f25d15071664625e9a63c0000ffff,2018-03-27 09:47:39,14ea803518d975cd7f390bba5db78a03f76a044d,False,c:\program files (x86)\microsoft office\root\vfs\programfilescommonx86\microsoft shared\dw\dwtrig20.exe,dwtrig20.exe,.exe,2017-08-20 05:29:29,watson subscriber for sens network notifications,240840,16.0.8431.2046,16.0.8431.2046,dwtrig20.exe|16b593f25f73b6cb,pe32_i386,True,16.0.8431.2046,16.0.8431.0,0,0,
Microsoft Office 365 ProPlus - en-us,0000f18ce3f4966f25d15071664625e9a63c0000ffff,2018-03-27 09:47:39,7a2d121756c2ec41fb78cabbd71c0203fc1bb3e0,False,c:\program files (x86)\microsoft office\root\office16\excel.exe,excel.exe,.exe,2018-03-03 13:52:02,microsoft office 2016,36877488,16.0.8431.2236,16.0.8431.2236,excel.exe|4697b9b677909b0b,pe32_i386,True,16.0.8431.2236,16.0.8431.2236,0,0,
Microsoft Office 365 ProPlus - en-us,0000f18ce3f4966f25d15071664625e9a63c0000ffff,2018-03-27 09:47:39,a7bb0e6cb5a2af179e4e0a607f61ed49714b3526,False,c:\program files (x86)\microsoft office\root\office16\excelcnv.exe,excelcnv.exe,.exe,2018-03-03 13:51:35,microsoft office 2016,31013552,16.0.8431.2236,16.0.8431.2236,excelcnv.exe|814719e2cf2ece44,pe32_i386,True,16.0.8431.2236,16.0.8431.2236,0,0,
Microsoft Office 365 ProPlus - en-us,0000f18ce3f4966f25d15071664625e9a63c0000ffff,2018-03-27 09:47:39,9db5b537d80e2e70aabb7ec53bbaa7e863097de8,False,c:\program files (x86)\microsoft office\root\office16\dcf\filecompare.exe,filecompare.exe,.exe,2017-08-12 10:06:09,microsoft office 2016,246976,16.0.8326.2076,16.0.8326.2076,filecompare.exe|9c0c9d2e45fe047d,pe32_i386,True,16.0.8326.2076,16.0.8326.0,0,0,
Microsoft Office 365 ProPlus - en-us,0000f18ce3f4966f25d15071664625e9a63c0000ffff,2018-03-27 09:47:39,0d792cdf13b1987b7054657b78acc1fe071f7917,False,c:\program files (x86)\microsoft office\root\flattener\flattener.exe,flattener.exe,.exe,2017-08-12 07:44:56,microsoft office deployment component.,45104,16.0.8326.2076,16.0.8326.2076,flattener.exe|708f1ba90bc5c0ce,pe32_clr_32,True,16.0.8326.2076,16.0.8326.2076,0,0,
Microsoft Office 365 ProPlus - en-us,0000f18ce3f4966f25d15071664625e9a63c0000ffff,2018-03-27 09:47:39,1173a0001f8a30195ae7e9aa3126e945f7ec1b9b,False,c:\program files (x86)\microsoft office\root\vfs\programfilescommonx86\microsoft shared\office16\fltldr.exe,fltldr.exe,.exe,2017-11-03 05:03:00,microsoft office 2016,282792,16.0.8431.2110,16.0.8431.2110,fltldr.exe|c90737db75d35138,pe32_i386,True,16.0.8431.2110,16.0.8431.0,0,0,
Microsoft Office 365 ProPlus - en-us,0000f18ce3f4966f25d15071664625e9a63c0000ffff,2018-03-27 09:47:39,1955a1e7fdb2f9f0145f4eee2dd72aeb77d655db,False,c:\program files (x86)\microsoft office\root\office16\graph.exe,graph.exe,.exe,2018-03-03 12:06:45,microsoft office 2016,3721384,16.0.8431.2236,16.0.8431.2236,graph.exe|ae8709222a4c2ba4,pe32_i386,True,16.0.8431.2236,16.0.8431.2236,0,0,
Microsoft Office 365 ProPlus - en-us,0000f18ce3f4966f25d15071664625e9a63c0000ffff,2018-03-27 09:47:39,0af6b9cf1329f00ea83f1528ee5011f75ea5d7de,False,c:\program files (x86)\microsoft office\root\vfs\windows\installer\{90160000-000f-0000-0000-0000000ff1ce}\grv_icons.exe,grv_icons.exe,.exe,2017-08-12 05:45:52,microsoft office 2016,245960,16.0.8326.2076,16.0.8326.2076,grv_icons.exe|1c87ad2271753b93,pe32_i386,True,16.0.8326.2076,16.0.8326.0,0,0,
Microsoft Office 365 ProPlus - en-us,0000f18ce3f4966f25d15071664625e9a63c0000ffff,2018-03-27 09:47:39,949a7e73b3c9b2b70d178a8e5d7986cc33154bfc,False,c:\program files (x86)\microsoft office\root\office16\iecontentservice.exe,iecontentservice.exe,.exe,2018-03-03 11:35:54,microsoft onenote,225968,16.0.8431.2236,16.0.8431.2236,iecontentservice|5e0e5ce26d4e9fab,pe32_i386,True,16.0.8431.2236,16.0.8431.2236,0,0,
Microsoft Office 365 ProPlus - en-us,0000f18ce3f4966f25d15071664625e9a63c0000ffff,2018-03-27 09:47:39,3fbd0c1971f9b74c1d9c57dc25dfbb2b12f3d463,False,c:\program files (x86)\microsoft office\root\integration\integrator.exe,integrator.exe,.exe,,,3343016,16.0.8431.2110,,integrator.exe|46800ad149d3d032,pe32_i386,True,16.0.8431.2110,,0,0,
Microsoft Office 365 ProPlus - en-us,0000f18ce3f4966f25d15071664625e9a63c0000ffff,2018-03-27 09:47:39,95d99710bdda64646af431d451a5c3a36dd7a5f6,False,c:\program files (x86)\microsoft office\root\vfs\windows\installer\{90160000-000f-0000-0000-0000000ff1ce}\joticon.exe,joticon.exe,.exe,2017-08-12 05:45:51,microsoft office 2016,712904,16.0.8326.2076,16.0.8326.2076,joticon.exe|f154156003b23e4b,pe32_i386,True,16.0.8326.2076,16.0.8326.0,0,0,
Microsoft Office 365 ProPlus - en-us,0000f18ce3f4966f25d15071664625e9a63c0000ffff,2018-03-27 09:47:39,654ef11e30ee9994534e3d147e29a05b472027be,False,c:\program files (x86)\microsoft office\root\office16\lync.exe,lync.exe,.exe,2018-03-03 13:58:52,microsoft office 2016,23602864,16.0.8431.2236,16.0.8431.2236,lync.exe|57c810fdfd5f4be,pe32_i386,True,16.0.8431.2236,16.0.8431.2236,0,0,
Microsoft Office 365 ProPlus - en-us,0000f18ce3f4966f25d15071664625e9a63c0000ffff,2018-03-27 09:47:39,b4e167c83432f048865d029f0467bfa5db32a631,False,c:\program files (x86)\microsoft office\root\office16\lync99.exe,lync99.exe,.exe,2018-03-03 11:33:47,microsoft office 2016,737960,16.0.8431.2236,16.0.8431.2236,lync99.exe|98e3ec993fcd62e9,pe32_i386,True,16.0.8431.2236,16.0.8431.2236,0,0,
Microsoft Office 365 ProPlus - en-us,0000f18ce3f4966f25d15071664625e9a63c0000ffff,2018-03-27 09:47:39,0b29e09006a8ad46db50faec601c0f6ace645171,False,c:\program files (x86)\microsoft office\root\office16\lynchtmlconv.exe,lynchtmlconv.exe,.exe,2018-03-03 13:44:21,microsoft office 2016,10283184,16.0.8431.2236,16.0.8431.2236,lynchtmlconv.exe|638976b0f70205dc,pe32_i386,True,16.0.8431.2236,16.0.8431.2236,0,0,
Microsoft Office 365 ProPlus - en-us,0000f18ce3f4966f25d15071664625e9a63c0000ffff,2018-03-27 09:47:39,9d1f8804b6aa002b8532ddec089398ab8a5f34ad,False,c:\program files (x86)\microsoft office\root\vfs\windows\installer\{90160000-000f-0000-0000-0000000ff1ce}\lyncicon.exe,lyncicon.exe,.exe,2017-08-12 05:45:52,microsoft office 2016,849608,16.0.8326.2076,16.0.8326.2076,lyncicon.exe|3d9c9d945d76b749,pe32_i386,True,16.0.8326.2076,16.0.8326.0,0,0,
Microsoft Office 365 ProPlus - en-us,0000f18ce3f4966f25d15071664625e9a63c0000ffff,2018-03-27 09:47:39,b959cb7b18abf1bc86cadb42c4cf1c1dd93ccc7e,False,c:\program files (x86)\microsoft office\root\office16\addins\microsoft power query for excel integrated\bin\microsoft.mashup.container.netfx40.exe,microsoft.mashup.container.netfx40.exe,.exe,2017-08-02 19:53:09,microsoft® mashup runtime,27360,2.49.4831.381,2.49.4831.381 (pq-cy17su08),microsoft.mashup|a211253141612c94,pe32_clr_32,True,2.49.4831.381,2.49.4831.381,0,0,
Microsoft Office 365 ProPlus - en-us,0000f18ce3f4966f25d15071664625e9a63c0000ffff,2018-03-27 09:47:39,0e7396e77b994d2c86e7538361249c8347ca9e2a,False,c:\program files (x86)\microsoft office\root\office16\addins\microsoft power query for excel integrated\bin\microsoft.mashup.container.netfx45.exe,microsoft.mashup.container.netfx45.exe,.exe,2017-08-02 19:53:08,microsoft® mashup runtime,27360,2.49.4831.381,2.49.4831.381 (pq-cy17su08),microsoft.mashup|c969d83c38c6fc0e,pe32_clr_32,True,2.49.4831.381,2.49.4831.381,0,0,
Microsoft Office 365 ProPlus - en-us,0000f18ce3f4966f25d15071664625e9a63c0000ffff,2018-03-27 09:47:39,6480d93e4b941117b0df0225612a9c59c53a2043,False,c:\program files (x86)\microsoft office\root\office16\addins\microsoft power query for excel integrated\bin\microsoft.mashup.container.exe,microsoft.mashup.container.exe,.exe,2017-08-02 19:53:11,microsoft® mashup runtime,26848,2.49.4831.381,2.49.4831.381 (pq-cy17su08),microsoft.mashup|f3e69322fcb4d77a,pe32_clr_32,True,2.49.4831.381,2.49.4831.381,0,0,
Microsoft Office 365 ProPlus - en-us,0000f18ce3f4966f25d15071664625e9a63c0000ffff,2018-03-27 09:47:39,adb310e00364223e56f8bec14628d3a35b9fe1cd,False,c:\program files (x86)\microsoft office\root\vfs\windows\installer\{90160000-000f-0000-0000-0000000ff1ce}\misc.exe,misc.exe,.exe,2017-08-12 05:45:54,microsoft office 2016,1036488,16.0.8326.2076,16.0.8326.2076,misc.exe|2f2aed3ac6170fed,pe32_i386,True,16.0.8326.2076,16.0.8326.0,0,0,
Microsoft Office 365 ProPlus - en-us,0000f18ce3f4966f25d15071664625e9a63c0000ffff,2018-03-27 09:47:39,adb310e00364223e56f8bec14628d3a35b9fe1cd,False,c:\program files (x86)\microsoft office\root\office16\misc.exe,misc.exe,.exe,2017-08-12 05:45:54,microsoft office 2016,1036488,16.0.8326.2076,16.0.8326.2076,misc.exe|45d934cadfb4168,pe32_i386,True,16.0.8326.2076,16.0.8326.0,0,0,
Microsoft Office 365 ProPlus - en-us,0000f18ce3f4966f25d15071664625e9a63c0000ffff,2018-03-27 09:47:39,adb310e00364223e56f8bec14628d3a35b9fe1cd,False,c:\program files (x86)\microsoft office\root\vfs\windows\installer\{90160000-001f-0409-0000-0000000ff1ce}\misc.exe,misc.exe,.exe,2017-08-12 05:45:54,microsoft office 2016,1036488,16.0.8326.2076,16.0.8326.2076,misc.exe|5db3ceee0734133f,pe32_i386,True,16.0.8326.2076,16.0.8326.0,0,0,
Microsoft Office 365 ProPlus - en-us,0000f18ce3f4966f25d15071664625e9a63c0000ffff,2018-03-27 09:47:39,adb310e00364223e56f8bec14628d3a35b9fe1cd,False,c:\program files (x86)\microsoft office\root\vfs\windows\installer\{90160000-001f-040c-0000-0000000ff1ce}\misc.exe,misc.exe,.exe,2017-08-12 05:45:54,microsoft office 2016,1036488,16.0.8326.2076,16.0.8326.2076,misc.exe|e05250a62783ba88,pe32_i386,True,16.0.8326.2076,16.0.8326.0,0,0,
Microsoft Office 365 ProPlus - en-us,0000f18ce3f4966f25d15071664625e9a63c0000ffff,2018-03-27 09:47:39,adb310e00364223e56f8bec14628d3a35b9fe1cd,False,c:\program files (x86)\microsoft office\root\vfs\windows\installer\{90160000-001f-0c0a-0000-0000000ff1ce}\misc.exe,misc.exe,.exe,2017-08-12 05:45:54,microsoft office 2016,1036488,16.0.8326.2076,16.0.8326.2076,misc.exe|ef8ad2674b8ca785,pe32_i386,True,16.0.8326.2076,16.0.8326.0,0,0,
Microsoft Office 365 ProPlus - en-us,0000f18ce3f4966f25d15071664625e9a63c0000ffff,2018-03-27 09:47:39,adb310e00364223e56f8bec14628d3a35b9fe1cd,False,c:\program files (x86)\microsoft office\root\vfs\windows\installer\{90160000-006e-0409-0000-0000000ff1ce}\misc.exe,misc.exe,.exe,2017-08-12 05:45:54,microsoft office 2016,1036488,16.0.8326.2076,16.0.8326.2076,misc.exe|fe2d636a7fd100e4,pe32_i386,True,16.0.8326.2076,16.0.8326.0,0,0,
Microsoft Office 365 ProPlus - en-us,0000f18ce3f4966f25d15071664625e9a63c0000ffff,2018-03-27 09:47:39,75cc9241e531cf300985d91b91016a91fcc1c43a,False,c:\program files (x86)\microsoft office\root\office16\mlcfg32.cpl,mlcfg32.cpl,.cpl,2018-03-03 15:38:24,microsoft outlook,121008,16.0.8431.2236,16.0.8431.2236,mlcfg32.cpl|b6fdcb7116692235,pe32_i386,True,16.0.8431.2236,16.0.8431.0,0,0,
Microsoft Office 365 ProPlus - en-us,0000f18ce3f4966f25d15071664625e9a63c0000ffff,2018-03-27 09:47:39,12d74bf602f9676be343a4b86269e21e38f9888d,False,c:\program files (x86)\microsoft office\root\office16\msaccess.exe,msaccess.exe,.exe,2018-03-03 13:24:45,microsoft office 2016,15287984,16.0.8431.2236,16.0.8431.2236,msaccess.exe|d50ea3d12a4f7579,pe32_i386,True,16.0.8431.2236,16.0.8431.2236,0,0,
Microsoft Office 365 ProPlus - en-us,0000f18ce3f4966f25d15071664625e9a63c0000ffff,2018-03-27 09:47:39,fd06c01c8ae5c2f723ee5886f988053f43974bae,False,c:\program files (x86)\microsoft office\root\office16\msoev.exe,msoev.exe,.exe,2018-03-03 11:29:33,microsoft office 2016,48816,16.0.8431.2236,16.0.8431.2236,msoev.exe|96d653fa06d26998,pe32_i386,True,16.0.8431.2236,16.0.8431.2236,0,0,
Microsoft Office 365 ProPlus - en-us,0000f18ce3f4966f25d15071664625e9a63c0000ffff,2018-03-27 09:47:39,ab0bf62e1ddca5f21f017692928497b32e0e498d,False,c:\program files (x86)\microsoft office\root\vfs\programfilesx64\microsoft office\office16\msohtmed.exe,msohtmed.exe,.exe,2017-08-20 01:31:07,microsoft office 2016,359112,16.0.8431.2046,16.0.8431.2046,msohtmed.exe|6bfccc2ec409e833,pe64_amd64,True,16.0.8431.2046,16.0.8431.2046,0,0,
Microsoft Office 365 ProPlus - en-us,0000f18ce3f4966f25d15071664625e9a63c0000ffff,2018-03-27 09:47:39,09c4d74b3cf96367a928430b56b88f534bccdb03,False,c:\program files (x86)\microsoft office\root\office16\msohtmed.exe,msohtmed.exe,.exe,2017-08-20 00:59:03,microsoft office 2016,277704,16.0.8431.2046,16.0.8431.2046,msohtmed.exe|fc11b50fe60af3b7,pe32_i386,True,16.0.8431.2046,16.0.8431.2046,0,0,
Microsoft Office 365 ProPlus - en-us,0000f18ce3f4966f25d15071664625e9a63c0000ffff,2018-03-27 09:47:39,d086e2a979a07e2ab5c675efa8150255b869942c,False,c:\program files (x86)\microsoft office\root\office16\msoia.exe,msoia.exe,.exe,2018-03-03 11:31:12,microsoft office 2016,2054832,16.0.8431.2236,16.0.8431.2236,msoia.exe|3a8b4a39eae5d669,pe32_i386,True,16.0.8431.2236,16.0.8431.2236,0,0,
Microsoft Office 365 ProPlus - en-us,0000f18ce3f4966f25d15071664625e9a63c0000ffff,2018-03-27 09:47:39,bdd9e234ce7c34d805cc21d975a9ead9c4557ea5,False,c:\program files (x86)\microsoft office\root\vfs\programfilescommonx86\microsoft shared\office16\msoicons.exe,msoicons.exe,.exe,2017-08-12 05:45:52,microsoft office 2016,624328,16.0.8326.2076,16.0.8326.2076,msoicons.exe|ee6f778fd6c377a6,pe32_i386,True,16.0.8326.2076,16.0.8326.0,0,0,
Microsoft Office 365 ProPlus - en-us,0000f18ce3f4966f25d15071664625e9a63c0000ffff,2018-03-27 09:47:39,686f345de6f12054af4be5b4be511dca2c6c6c6b,False,c:\program files (x86)\microsoft office\root\office16\msosrec.exe,msosrec.exe,.exe,2018-03-03 12:06:59,microsoft office 2016,217776,16.0.8431.2236,16.0.8431.2236,msosrec.exe|e6b4daa0cad4dec6,pe32_i386,True,16.0.8431.2236,16.0.8431.2236,0,0,
Microsoft Office 365 ProPlus - en-us,0000f18ce3f4966f25d15071664625e9a63c0000ffff,2018-03-27 09:47:39,28f63a13a545c1169ee566d64a930b8fc5d9c92c,False,c:\program files (x86)\microsoft office\root\office16\msosync.exe,msosync.exe,.exe,2018-03-03 11:31:37,microsoft office 2016,471216,16.0.8431.2236,16.0.8431.2236,msosync.exe|92fdb6e8375e198b,pe32_i386,True,16.0.8431.2236,16.0.8431.2236,0,0,
Microsoft Office 365 ProPlus - en-us,0000f18ce3f4966f25d15071664625e9a63c0000ffff,2018-03-27 09:47:39,4992b993094f58cd521ecb942562903ebb8e38e2,False,c:\program files (x86)\microsoft office\root\office16\msotd.exe,msotd.exe,.exe,2018-03-03 11:29:39,microsoft office 2016,48816,16.0.8431.2236,16.0.8431.2236,msotd.exe|f78da169a331152d,pe32_i386,True,16.0.8431.2236,16.0.8431.2236,0,0,
Microsoft Office 365 ProPlus - en-us,0000f18ce3f4966f25d15071664625e9a63c0000ffff,2018-03-27 09:47:39,742a313ee1b06cb8b74c6de757b27171567335df,False,c:\program files (x86)\microsoft office\root\vfs\windows\installer\{90160000-000f-0000-0000-0000000ff1ce}\msouc.exe,msouc.exe,.exe,2017-08-12 05:45:54,microsoft office 2016,53440,16.0.8326.2076,16.0.8326.2076,msouc.exe|b5f8deff0bc7bcf7,pe32_i386,True,16.0.8326.2076,16.0.8326.0,0,0,
Microsoft Office 365 ProPlus - en-us,0000f18ce3f4966f25d15071664625e9a63c0000ffff,2018-03-27 09:47:39,8e2c95a7dc152d9781d7a4d8d110d851d85f90ad,False,c:\program files (x86)\microsoft office\root\office16\msouc.exe,msouc.exe,.exe,2018-03-03 12:14:09,microsoft office 2016,539312,16.0.8431.2236,16.0.8431.2236,msouc.exe|bfa5c99cb56e5c62,pe32_i386,True,16.0.8431.2236,16.0.8431.2236,0,0,
Microsoft Office 365 ProPlus - en-us,0000f18ce3f4966f25d15071664625e9a63c0000ffff,2018-03-27 09:47:39,0fe8de9ecd608549a9ac273e5b39e0337f10d5e4,False,c:\program files (x86)\microsoft office\root\vfs\programfilescommonx86\microsoft shared\office16\msoxmled.exe,msoxmled.exe,.exe,2017-08-12 06:13:36,microsoft office infopath,223432,16.0.8326.2076,16.0.8326.2076,msoxmled.exe|26c19b27e15c7dc2,pe32_i386,True,16.0.8326.2076,16.0.8326.2076,0,0,
Microsoft Office 365 ProPlus - en-us,0000f18ce3f4966f25d15071664625e9a63c0000ffff,2018-03-27 09:47:39,e76e17007ff75d478993d6a7ff9c926e4d2447f3,False,c:\program files (x86)\microsoft office\root\vfs\programfilescommonx64\microsoft shared\office16\msoxmled.exe,msoxmled.exe,.exe,2017-08-12 06:32:06,microsoft office infopath,233160,16.0.8326.2076,16.0.8326.2076,msoxmled.exe|da383f57fa9a4e5b,pe64_amd64,True,16.0.8326.2076,16.0.8326.2076,0,0,
Microsoft Office 365 ProPlus - en-us,0000f18ce3f4966f25d15071664625e9a63c0000ffff,2018-03-27 09:47:39,18a2ae1a23e8e033f3f3f8f3416ba9ea810e5aea,False,c:\program files (x86)\microsoft office\root\office16\mspub.exe,mspub.exe,.exe,2018-03-03 13:22:49,microsoft office 2016,9675952,16.0.8431.2236,16.0.8431.2236,mspub.exe|d6821969229d5b53,pe32_i386,True,16.0.8431.2236,16.0.8431.2236,0,0,
Microsoft Office 365 ProPlus - en-us,0000f18ce3f4966f25d15071664625e9a63c0000ffff,2018-03-27 09:47:39,2b84678c935f655bc4095927fec8d19ed4374693,False,c:\program files (x86)\microsoft office\root\office16\msqry32.exe,msqry32.exe,.exe,2018-03-03 11:36:07,microsoft office 2016,695984,16.0.8431.2236,16.0.8431.2236,msqry32.exe|ac6846be1d92e524,pe32_i386,True,16.0.8431.2236,16.0.8431.2236,0,0,
Microsoft Office 365 ProPlus - en-us,0000f18ce3f4966f25d15071664625e9a63c0000ffff,2018-03-27 09:47:39,e43eaf01272df6777661804f62a7ea767309b531,False,c:\program files (x86)\microsoft office\root\office16\namecontrolserver.exe,namecontrolserver.exe,.exe,2018-03-03 11:35:42,microsoft office 2016,114352,16.0.8431.2236,16.0.8431.2236,namecontrolserve|b3500e7bf9da9a04,pe32_i386,True,16.0.8431.2236,16.0.8431.2236,0,0,
Microsoft Office 365 ProPlus - en-us,0000f18ce3f4966f25d15071664625e9a63c0000ffff,2018-03-27 09:47:39,ed3bc27a43ebfb02152afa2572c4c1b0ba9d2333,False,c:\program files (x86)\microsoft office\root\office16\ocpubmgr.exe,ocpubmgr.exe,.exe,2018-03-03 13:38:37,microsoft office 2016,1502384,16.0.8431.2236,16.0.8431.2236,ocpubmgr.exe|8e7013fbc0952cde,pe32_i386,True,16.0.8431.2236,16.0.8431.2236,0,0,
Microsoft Office 365 ProPlus - en-us,0000f18ce3f4966f25d15071664625e9a63c0000ffff,2018-03-27 09:47:39,90e279b2e2cff63990392f1a8d4bf814afe77db6,False,c:\program files (x86)\microsoft office\root\office16\officebackgroundtaskhandler.exe,officebackgroundtaskhandler.exe,.exe,2017-08-12 09:59:30,,24264,,,officebackground|8ea4800f81d6e950,pe32_i386,True,,,0,0,
Microsoft Office 365 ProPlus - en-us,0000f18ce3f4966f25d15071664625e9a63c0000ffff,2018-03-27 09:47:39,c6a33f4c581054204d8ec05dd9d7eee30ee188e6,False,c:\program files (x86)\microsoft office\root\vfs\windows\installer\{90160000-000f-0000-0000-0000000ff1ce}\ohub32.exe,ohub32.exe,.exe,2017-11-03 05:05:08,microsoft office 2016,1577128,16.0.8431.2110,16.0.8431.2110,ohub32.exe|540e237fc21a8c52,pe32_i386,True,16.0.8431.2110,16.0.8431.0,0,0,
Microsoft Office 365 ProPlus - en-us,0000f18ce3f4966f25d15071664625e9a63c0000ffff,2018-03-27 09:47:39,91da0d9660195d81494ad7367ec53821f99639eb,False,c:\program files (x86)\microsoft office\root\office16\olcfg.exe,olcfg.exe,.exe,2017-08-20 05:20:06,microsoft outlook,93384,16.0.8431.2046,16.0.8431.2046,olcfg.exe|c9d0151eace1aae1,pe32_i386,True,16.0.8431.2046,16.0.8431.0,0,0,
Microsoft Office 365 ProPlus - en-us,0000f18ce3f4966f25d15071664625e9a63c0000ffff,2018-03-27 09:47:39,d1464de646c3d4cab70bbea55546631b34c436c9,False,c:\program files (x86)\microsoft office\root\vfs\programfilescommonx86\microsoft shared\office16\olicenseheartbeat.exe,olicenseheartbeat.exe,.exe,2018-03-03 11:21:53,office subscription licensing heartbeat,659632,16.0.8431.2236,16.0.8431.2236,olicenseheartbea|d4859cd610ee7291,pe32_i386,True,16.0.8431.2236,16.0.8431.2236,0,0,
Microsoft Office 365 ProPlus - en-us,0000f18ce3f4966f25d15071664625e9a63c0000ffff,2018-03-27 09:47:39,13c626a116dcc31ad25e4c573040bcbc202f5fd3,False,c:\program files (x86)\microsoft office\root\integration\onedrivesetup.exe,onedrivesetup.exe,.exe,2016-12-13 04:20:52,windows live,20466392,17.3.6743.1212,17.3.6743.1212,onedrivesetup.ex|8c71ce7a861bf53,pe32_i386,True,17.3.6743.1212,17.3.6743.1212,1033,0,
Microsoft Office 365 ProPlus - en-us,0000f18ce3f4966f25d15071664625e9a63c0000ffff,2018-03-27 09:47:39,2b5417bf8a91ab7f9ce026e7547b75e333a53ba2,False,c:\program files (x86)\microsoft office\root\office16\onenote.exe,onenote.exe,.exe,2018-03-03 13:25:09,microsoft onenote,1985200,16.0.8431.2236,16.0.8431.2236,onenote.exe|5056315ba2254073,pe32_i386,True,16.0.8431.2236,16.0.8431.2236,0,0,
Microsoft Office 365 ProPlus - en-us,0000f18ce3f4966f25d15071664625e9a63c0000ffff,2018-03-27 09:47:39,177ef3e927fb640e006690dc9380979130cda78e,False,c:\program files (x86)\microsoft office\root\office16\onenotem.exe,onenotem.exe,.exe,2018-03-03 11:31:12,microsoft onenote,173232,16.0.8431.2236,16.0.8431.2236,onenotem.exe|699bb0719e4d01f9,pe32_i386,True,16.0.8431.2236,16.0.8431.2236,0,0,
Microsoft Office 365 ProPlus - en-us,0000f18ce3f4966f25d15071664625e9a63c0000ffff,2018-03-27 09:47:39,ed304650d8e7dd29f3cc46c2b6e54de2452218b0,False,c:\program files (x86)\microsoft office\root\office16\orgchart.exe,orgchart.exe,.exe,2018-03-03 11:35:50,microsoft office 2016,569000,16.0.8431.2236,16.0.8431.2236,orgchart.exe|6e7d01fc5895cfb0,pe32_i386,True,16.0.8431.2236,16.0.8431.2236,0,0,
Microsoft Office 365 ProPlus - en-us,0000f18ce3f4966f25d15071664625e9a63c0000ffff,2018-03-27 09:47:39,acf049b612db14167e6ef5ab409ebe02de2f6591,False,c:\program files (x86)\microsoft office\root\vfs\programfilescommonx86\microsoft shared\source engine\ose.exe,ose.exe,.exe,2017-10-04 18:43:05,office source engine,213680,16.0.8431.2107,16.0.8431.2107,ose.exe|a4df9cd79dc8dca8,pe32_i386,True,16.0.8431.2107,16.0.8431.0,0,0,
Microsoft Office 365 ProPlus - en-us,0000f18ce3f4966f25d15071664625e9a63c0000ffff,2018-03-27 09:47:39,41fbc8c8f54646bfc067457a619521924579b980,False,c:\program files (x86)\microsoft office\root\vfs\windows\installer\{90160000-000f-0000-0000-0000000ff1ce}\osmadminicon.exe,osmadminicon.exe,.exe,2017-08-12 05:45:54,microsoft office 2016,60104,16.0.8326.2076,16.0.8326.2076,osmadminicon.exe|79b62a83d2dcdc09,pe32_i386,True,16.0.8326.2076,16.0.8326.0,0,0,
Microsoft Office 365 ProPlus - en-us,0000f18ce3f4966f25d15071664625e9a63c0000ffff,2018-03-27 09:47:39,41fbc8c8f54646bfc067457a619521924579b980,False,c:\program files (x86)\microsoft office\root\vfs\windows\installer\{90160000-000f-0000-0000-0000000ff1ce}\osmclienticon.exe,osmclienticon.exe,.exe,2017-08-12 05:45:54,microsoft office 2016,60104,16.0.8326.2076,16.0.8326.2076,osmclienticon.ex|e7fb80e254f0e30f,pe32_i386,True,16.0.8326.2076,16.0.8326.0,0,0,
Microsoft Office 365 ProPlus - en-us,0000f18ce3f4966f25d15071664625e9a63c0000ffff,2018-03-27 09:47:39,fe5530c0645d5390971f158865f29a370a5ee4da,False,c:\program files (x86)\microsoft office\office16\ospprearm.exe,ospprearm.exe,.exe,2018-03-03 15:42:42,,148136,,,ospprearm.exe|c4404a7cc2321db7,pe32_i386,True,,,0,0,
Microsoft Office 365 ProPlus - en-us,0000f18ce3f4966f25d15071664625e9a63c0000ffff,2018-03-27 09:47:39,9a94a35de6543d9b63bf051654f87d0efc3616be,False,c:\program files (x86)\microsoft office\root\vfs\programfilescommonx64\microsoft shared\officesoftwareprotectionplatform\osppsvc.exe,osppsvc.exe,.exe,2012-07-06 00:13:20,microsoft® office,5132888,15.0.0169.500 (win7sp1_gdr_oob_osppv2(oobla).120705-1649),15.0.0169.500,osppsvc.exe|ec0492171cd9bb29,pe64_amd64,True,15.0.169.500,15.0.169.500,1033,0,
Microsoft Office 365 ProPlus - en-us,0000f18ce3f4966f25d15071664625e9a63c0000ffff,2018-03-27 09:47:39,1163d682f4afd4a482c577ecd6d436d8842f47f0,False,c:\program files (x86)\microsoft office\root\vfs\windows\installer\{90160000-000f-0000-0000-0000000ff1ce}\outicon.exe,outicon.exe,.exe,2017-08-12 05:45:51,microsoft office 2016,458432,16.0.8326.2076,16.0.8326.2076,outicon.exe|243aec1c53198129,pe32_i386,True,16.0.8326.2076,16.0.8326.0,0,0,
Microsoft Office 365 ProPlus - en-us,0000f18ce3f4966f25d15071664625e9a63c0000ffff,2018-03-27 09:47:39,3c23cd3b0aba7e42106a6b51b87ad458a34d35fc,False,c:\program files (x86)\microsoft office\root\office16\outlook.exe,outlook.exe,.exe,2018-03-03 13:33:52,microsoft outlook,25180328,16.0.8431.2236,16.0.8431.2236,outlook.exe|c22f7962668b3378,pe32_i386,True,16.0.8431.2236,16.0.8431.2236,0,0,
Microsoft Office 365 ProPlus - en-us,0000f18ce3f4966f25d15071664625e9a63c0000ffff,2018-03-27 09:47:39,bcd93b0d31b59b74fd0cfc4f2ba9b6eb1003e6b1,False,c:\program files (x86)\microsoft office\root\office16\pdfreflow.exe,pdfreflow.exe,.exe,2018-03-03 12:11:42,microsoft office 2016,10387120,16.0.8431.2236,16.0.8431.2236,pdfreflow.exe|cffddb592970f859,pe32_i386,True,16.0.8431.2236,16.0.8431.2236,0,0,
Microsoft Office 365 ProPlus - en-us,0000f18ce3f4966f25d15071664625e9a63c0000ffff,2018-03-27 09:47:39,3db6c1f5319ac9b1b87760dbd5d855a8c10395c8,False,c:\program files (x86)\microsoft office\root\office16\perfboost.exe,perfboost.exe,.exe,2017-08-20 05:21:12,,344264,,,perfboost.exe|4012596bd45ef3b6,pe32_i386,True,,,0,0,
Microsoft Office 365 ProPlus - en-us,0000f18ce3f4966f25d15071664625e9a63c0000ffff,2018-03-27 09:47:39,014a2e2d8c3dfcb5305690d7dd2e77a4f67073d6,False,c:\program files (x86)\microsoft office\root\vfs\windows\installer\{90160000-000f-0000-0000-0000000ff1ce}\pj11icon.exe,pj11icon.exe,.exe,2017-08-12 05:45:54,microsoft office 2016,852680,16.0.8326.2076,16.0.8326.2076,pj11icon.exe|8507fd9d706afe00,pe32_i386,True,16.0.8326.2076,16.0.8326.0,0,0,
Microsoft Office 365 ProPlus - en-us,0000f18ce3f4966f25d15071664625e9a63c0000ffff,2018-03-27 09:47:39,38431265edc1f481f90b30d504cec48f116db115,False,c:\program files (x86)\microsoft office\root\office16\powerpnt.exe,powerpnt.exe,.exe,2018-03-03 13:58:02,microsoft office 2016,1860784,16.0.8431.2236,16.0.8431.2236,powerpnt.exe|32f41de2c19b0a22,pe32_i386,True,16.0.8431.2236,16.0.8431.2236,0,0,
Microsoft Office 365 ProPlus - en-us,0000f18ce3f4966f25d15071664625e9a63c0000ffff,2018-03-27 09:47:39,1c8429e2c9cb9d7e3b35b791ab7840a5e41fa9cb,False,c:\program files (x86)\microsoft office\root\office16\pptico.exe,pptico.exe,.exe,2017-08-12 05:45:53,microsoft office 2016,3519176,16.0.8326.2076,16.0.8326.2076,pptico.exe|720249d86c573dc3,pe32_i386,True,16.0.8326.2076,16.0.8326.0,0,0,
Microsoft Office 365 ProPlus - en-us,0000f18ce3f4966f25d15071664625e9a63c0000ffff,2018-03-27 09:47:39,1c8429e2c9cb9d7e3b35b791ab7840a5e41fa9cb,False,c:\program files (x86)\microsoft office\root\vfs\windows\installer\{90160000-000f-0000-0000-0000000ff1ce}\pptico.exe,pptico.exe,.exe,2017-08-12 05:45:53,microsoft office 2016,3519176,16.0.8326.2076,16.0.8326.2076,pptico.exe|bd1de95bc0dafeb2,pe32_i386,True,16.0.8326.2076,16.0.8326.0,0,0,
Microsoft Office 365 ProPlus - en-us,0000f18ce3f4966f25d15071664625e9a63c0000ffff,2018-03-27 09:47:39,fd7c952f3e66f4675e627ed0d5c5fe481e9d0957,False,c:\program files (x86)\microsoft office\root\office16\protocolhandler.exe,protocolhandler.exe,.exe,2018-03-03 11:37:55,microsoft office 2016,3316400,16.0.8431.2236,16.0.8431.2236,protocolhandler.|9128a14b70265210,pe32_i386,True,16.0.8431.2236,16.0.8431.2236,0,0,
Microsoft Office 365 ProPlus - en-us,0000f18ce3f4966f25d15071664625e9a63c0000ffff,2018-03-27 09:47:39,08d36a60cf83dc3709e293f9331e19e6586112a3,False,c:\program files (x86)\microsoft office\root\vfs\windows\installer\{90160000-000f-0000-0000-0000000ff1ce}\pubs.exe,pubs.exe,.exe,2017-08-12 05:45:54,microsoft office 2016,849608,16.0.8326.2076,16.0.8326.2076,pubs.exe|cf084b1d68b5bc0f,pe32_i386,True,16.0.8326.2076,16.0.8326.0,0,0,
Microsoft Office 365 ProPlus - en-us,0000f18ce3f4966f25d15071664625e9a63c0000ffff,2018-03-27 09:47:39,d99fb9601526b226a0da3d4788851fdef993b1c6,False,c:\program files (x86)\microsoft office\root\office16\scanpst.exe,scanpst.exe,.exe,2018-03-03 11:28:23,microsoft outlook,70832,16.0.8431.2236,16.0.8431.2236,scanpst.exe|62aae846b86d4b5e,pe32_i386,True,16.0.8431.2236,16.0.8431.2236,0,0,
Microsoft Office 365 ProPlus - en-us,0000f18ce3f4966f25d15071664625e9a63c0000ffff,2018-03-27 09:47:39,9b8222a55db84015cb145be41b46a202cd76cb40,False,c:\program files (x86)\microsoft office\root\office16\selfcert.exe,selfcert.exe,.exe,2018-03-03 11:36:03,selfcert,889008,16.0.8431.2236,16.0.8431.2236,selfcert.exe|983d72bc4e58b64a,pe32_i386,True,16.0.8431.2236,16.0.8431.2236,0,0,
Microsoft Office 365 ProPlus - en-us,0000f18ce3f4966f25d15071664625e9a63c0000ffff,2018-03-27 09:47:39,964a42ffdcb494433160cbe805e07a6e3e2320ad,False,c:\program files (x86)\microsoft office\root\office16\setlang.exe,setlang.exe,.exe,2018-03-03 11:36:01,microsoft office 2016,67248,16.0.8431.2236,16.0.8431.2236,setlang.exe|13a6f8a154ef65e6,pe32_i386,True,16.0.8431.2236,16.0.8431.2236,0,0,
Microsoft Office 365 ProPlus - en-us,0000f18ce3f4966f25d15071664625e9a63c0000ffff,2018-03-27 09:47:39,0e62d04dd7263abd648a894c1830ecd49a36a2e0,False,c:\program files (x86)\microsoft office\root\office16\skypesrv\skypeserver.exe,skypeserver.exe,.exe,2017-08-20 05:21:54,,60608,,,skypeserver.exe|dd88b059edf13553,pe32_i386,True,,,0,0,
Microsoft Office 365 ProPlus - en-us,0000f18ce3f4966f25d15071664625e9a63c0000ffff,2018-03-27 09:47:39,8941757031034690dc963a3044c78ac8dec93a39,False,c:\program files (x86)\microsoft office\root\vfs\programfilescommonx86\microsoft shared\smart tag\smarttaginstall.exe,smarttaginstall.exe,.exe,2017-08-12 10:07:43,microsoft office 2016,27840,16.0.8326.2076,16.0.8326.2076,smarttaginstall.|ddb726eff4a89d9d,pe32_i386,True,16.0.8326.2076,16.0.8326.0,0,0,
Microsoft Office 365 ProPlus - en-us,0000f18ce3f4966f25d15071664625e9a63c0000ffff,2018-03-27 09:47:39,89a239d8c0c014665333d224b51fe3c749311906,False,c:\program files (x86)\microsoft office\root\office16\dcf\spreadsheetcompare.exe,spreadsheetcompare.exe,.exe,2017-08-12 08:02:44,microsoft office 2016,464072,16.0.8326.2076,16.0.8326.2076,spreadsheetcompa|726296791749140b,pe32_clr_32,True,16.0.8326.2076,16.0.8326.2076,0,0,
Microsoft Office 365 ProPlus - en-us,0000f18ce3f4966f25d15071664625e9a63c0000ffff,2018-03-27 09:47:39,d8db2204ffbd8cfbc76233c0bdb2b528f7acadc4,False,c:\program files (x86)\microsoft office\root\vfs\programfilesx86\microsoft analysis services\as oledb\140\sqldumper.exe,sqldumper.exe,.exe,2017-12-15 01:08:33,microsoft sql server,118976,2017.0150.0002.284 ((bi_main).171215-0055),15.0.2.284,sqldumper.exe|b389d09b4741fc35,pe32_i386,True,2017.150.2.284,15.0.2.284,1033,0,
Microsoft Office 365 ProPlus - en-us,0000f18ce3f4966f25d15071664625e9a63c0000ffff,2018-03-27 09:47:39,f862eb9315157ae6e08f4e023e76e736ddc540e9,False,c:\program files (x86)\microsoft office\root\vfs\windows\installer\{90160000-000f-0000-0000-0000000ff1ce}\sscicons.exe,sscicons.exe,.exe,2017-08-12 05:45:50,microsoft office 2016,78536,16.0.8326.2076,16.0.8326.2076,sscicons.exe|59f3897d4a842ae6,pe32_i386,True,16.0.8326.2076,16.0.8326.0,0,0,
Microsoft Office 365 ProPlus - en-us,0000f18ce3f4966f25d15071664625e9a63c0000ffff,2018-03-27 09:47:39,d93d051bf1a571ffd5ee10ada91b261b100df7b5,False,c:\program files (x86)\microsoft office\root\office16\ucmapi.exe,ucmapi.exe,.exe,2018-03-03 12:14:27,microsoft office 2016,1025200,16.0.8431.2236,16.0.8431.2236,ucmapi.exe|cb48e8e098077345,pe32_i386,True,16.0.8431.2236,16.0.8431.2236,0,0,
Microsoft Office 365 ProPlus - en-us,0000f18ce3f4966f25d15071664625e9a63c0000ffff,2018-03-27 09:47:39,b07139031be4ab8d3a5523d31438e0a62d843a52,False,c:\program files (x86)\microsoft office\root\vfs\windows\installer\{90160000-000f-0000-0000-0000000ff1ce}\visicon.exe,visicon.exe,.exe,2017-08-12 05:45:54,microsoft office 2016,2535112,16.0.8326.2076,16.0.8326.2076,visicon.exe|cc4f16778f3b682a,pe32_i386,True,16.0.8326.2076,16.0.8326.0,0,0,
Microsoft Office 365 ProPlus - en-us,0000f18ce3f4966f25d15071664625e9a63c0000ffff,2018-03-27 09:47:39,884e0110a7bb6653a14333b37b559d22300cafaf,False,c:\program files (x86)\microsoft office\root\office16\vpreview.exe,vpreview.exe,.exe,2018-03-03 11:28:01,microsoft office 2016,382120,16.0.8431.2236,16.0.8431.2236,vpreview.exe|205dd36f16efa259,pe32_i386,True,16.0.8431.2236,16.0.8431.2236,0,0,
Microsoft Office 365 ProPlus - en-us,0000f18ce3f4966f25d15071664625e9a63c0000ffff,2018-03-27 09:47:39,f06cc5a60c44bac4808ca925dc1aaa05afa57681,False,c:\program files (x86)\microsoft office\root\office16\winword.exe,winword.exe,.exe,2018-03-03 11:39:37,microsoft office 2016,1937584,16.0.8431.2236,16.0.8431.2236,winword.exe|dc44df5a1789fcdf,pe32_i386,True,16.0.8431.2236,16.0.8431.2236,0,0,
Microsoft Office 365 ProPlus - en-us,0000f18ce3f4966f25d15071664625e9a63c0000ffff,2018-03-27 09:47:39,5fe0c4a64a5b66be5fe78e27e8ec4b63615fa58c,False,c:\program files (x86)\microsoft office\root\office16\wordconv.exe,wordconv.exe,.exe,2018-03-03 11:39:35,microsoft office 2016,38064,16.0.8431.2236,16.0.8431.2236,wordconv.exe|bdf7fb0860b4ef99,pe32_i386,True,16.0.8431.2236,16.0.8431.2236,0,0,
Microsoft Office 365 ProPlus - en-us,0000f18ce3f4966f25d15071664625e9a63c0000ffff,2018-03-27 09:47:39,f82927ef7a4b521644f20e5c938f0f4526fc10b1,False,c:\program files (x86)\microsoft office\root\office16\wordicon.exe,wordicon.exe,.exe,2017-08-12 05:45:52,microsoft office 2016,3025088,16.0.8326.2076,16.0.8326.2076,wordicon.exe|8641a8b8e3683633,pe32_i386,True,16.0.8326.2076,16.0.8326.0,0,0,
Microsoft Office 365 ProPlus - en-us,0000f18ce3f4966f25d15071664625e9a63c0000ffff,2018-03-27 09:47:39,f82927ef7a4b521644f20e5c938f0f4526fc10b1,False,c:\program files (x86)\microsoft office\root\vfs\windows\installer\{90160000-000f-0000-0000-0000000ff1ce}\wordicon.exe,wordicon.exe,.exe,2017-08-12 05:45:52,microsoft office 2016,3025088,16.0.8326.2076,16.0.8326.2076,wordicon.exe|b7632d60742108ef,pe32_i386,True,16.0.8326.2076,16.0.8326.0,0,0,
Microsoft Office 365 ProPlus - en-us,0000f18ce3f4966f25d15071664625e9a63c0000ffff,2018-03-27 09:47:39,d95d96b7a5e269aeda281edfba9025bdc4b4a0fa,False,c:\program files (x86)\microsoft office\root\office16\xlicons.exe,xlicons.exe,.exe,2017-08-12 05:45:52,microsoft office 2016,3695304,16.0.8326.2076,16.0.8326.2076,xlicons.exe|9a72f7ded1e4ed5d,pe32_i386,True,16.0.8326.2076,16.0.8326.0,0,0,
Microsoft Office 365 ProPlus - en-us,0000f18ce3f4966f25d15071664625e9a63c0000ffff,2018-03-27 09:47:39,d95d96b7a5e269aeda281edfba9025bdc4b4a0fa,False,c:\program files (x86)\microsoft office\root\vfs\windows\installer\{90160000-000f-0000-0000-0000000ff1ce}\xlicons.exe,xlicons.exe,.exe,2017-08-12 05:45:52,microsoft office 2016,3695304,16.0.8326.2076,16.0.8326.2076,xlicons.exe|c4a581554b50c643,pe32_i386,True,16.0.8326.2076,16.0.8326.0,0,0,
