ProgramId,KeyLastWriteTimestamp,Name,Version,Publisher,InstallDate,OSVersionAtInstallTime,BundleManifestPath,HiddenArp,InboxModernApp,Language,ManifestPath,MsiPackageCode,MsiProductCode,PackageFullName,ProgramInstanceId,RegistryKeyPath,RootDirPath,Type,Source,StoreAppType,UninstallString,InstallDateArpLastModified,InstallDateMsi,InstallDateFromLinkFile,Manufacturer
000001d8af836d5ce5b71a9cbcdc40b7427d00000904,2018-04-06 07:23:10,Microsoft.CredDialogHost,10.0.16299.15,"CN=Microsoft Windows, O=Microsoft Corporation, L=Redmond, S=Washington, C=US",,10.0.0.16299,,False,True,1033,C:\Windows\SystemApps\microsoft.creddialoghost_cw5n1h2txyewy\AppXManifest.xml,,,Microsoft.CredDialogHost_10.0.16299.15_neutral__cw5n1h2txyewy,0000da39a3ee5e6b4b0d3255bfef95601890afd80709,,C:\Windows\SystemApps\microsoft.creddialoghost_cw5n1h2txyewy,Application,AppxPackage,,,,,,
0000075bc4b768a9995a3fce0a1fb7e69ccb00000904,2018-04-06 07:23:11,Microsoft.Windows.Apprep.ChxApp,1000.16299.15.0,"CN=Microsoft Windows, O=Microsoft Corporation, L=Redmond, S=Washington, C=US",,10.0.0.16299,,False,True,1033,C:\Windows\SystemApps\Microsoft.Windows.AppRep.ChxApp_cw5n1h2txyewy\AppXManifest.xml,,,Microsoft.Windows.Apprep.ChxApp_1000.16299.15.0_neutral_neutral_cw5n1h2txyewy,0000da39a3ee5e6b4b0d3255bfef95601890afd80709,,C:\Windows\SystemApps\Microsoft.Windows.AppRep.ChxApp_cw5n1h2txyewy,Application,AppxPackage,,,,,,
00000dc2b5a1cd9889f573e36bdb64bfb65f0000ffff,2018-04-06 07:23:13,S3 Browser version 7.6.9,7.6.9.0,"NetSDK Software, LLC",2018-03-27 00:00:00,10.0.0.16299,,False,False,65535,,,,,0000f44620906b00b288f95eb976514d12fab3218caa,HKEY_LOCAL_MACHINE\Software\Microsoft\Windows\CurrentVersion\Uninstall\S3 Browser_is1,C:\Program Files\S3 Browser\,Application,AddRemoveProgram,,"""C:\Program Files\S3 Browser\unins000.exe""",,,,
00000fc3503551184adba68eddccdc6e893d00000904,2018-04-06 07:23:11,Microsoft.Windows.ShellExperienceHost,10.0.16299.15,"CN=Microsoft Windows, O=Microsoft Corporation, L=Redmond, S=Washington, C=US",,10.0.0.16299,,False,True,1033,C:\Windows\SystemApps\ShellExperienceHost_cw5n1h2txyewy\AppXManifest.xml,,,Microsoft.Windows.ShellExperienceHost_10.0.16299.15_neutral_neutral_cw5n1h2txyewy,0000da39a3ee5e6b4b0d3255bfef95601890afd80709,,C:\Windows\SystemApps\ShellExperienceHost_cw5n1h2txyewy,Application,AppxPackage,,,,,,
0000108027b6e31a078a871b624c0480d8ff00000008,2018-04-06 07:23:13,NVIDIA Control Panel 376.54,376.54,NVIDIA Corporation,2018-03-27 00:00:00,10.0.0.16299,,True,False,2048,,,{B2FE1952-0186-46C3-BAEC-A80AA35AC5B8},,0000da39a3ee5e6b4b0d3255bfef95601890afd80709,HKEY_LOCAL_MACHINE\Software\Microsoft\Windows\CurrentVersion\Uninstall\{B2FE1952-0186-46C3-BAEC-A80AA35AC5B8}_Display.ControlPanel,C:\Program Files\NVIDIA Corporation\Control Panel Client,Application,Msi,,,,,,
000011e5a068738f5c5eab79c18a4994a69800000904,2018-04-06 07:23:12,Microsoft.XboxIdentityProvider,12.39.13003.0,"CN=Microsoft Corporation, O=Microsoft Corporation, L=Redmond, S=Washington, C=US",,10.0.0.16299,C:\Program Files\WindowsApps\Microsoft.XboxIdentityProvider_12.39.13003.0_neutral_~_8wekyb3d8bbwe\AppxMetadata\AppXBundleManifest.xml,False,True,1033,C:\Program Files\WindowsApps\Microsoft.XboxIdentityProvider_12.39.13003.0_x64__8wekyb3d8bbwe\AppXManifest.xml,,,Microsoft.XboxIdentityProvider_12.39.13003.0_x64__8wekyb3d8bbwe,0000da39a3ee5e6b4b0d3255bfef95601890afd80709,,C:\Program Files\WindowsApps\Microsoft.XboxIdentityProvider_12.39.13003.0_x64__8wekyb3d8bbwe,Application,AppxPackage,,,,,,
00001269da44e280c83454c1f87462f77aa300000000,2018-04-06 07:23:13,Office 16 Click-to-Run Licensing Component,16.0.8431.2236,Microsoft Corporation,2018-03-27 00:00:00,10.0.0.16299,,True,False,0,,{A6720C1C-5CF3-4D2E-9C0E-B810CF2AFBCD},{90160000-008F-0000-1000-0000000FF1CE},,0000da39a3ee5e6b4b0d3255bfef95601890afd80709,HKEY_LOCAL_MACHINE\Software\Microsoft\Windows\CurrentVersion\Uninstall\{90160000-008F-0000-1000-0000000FF1CE},,Application,Msi,,MsiExec.exe /I{90160000-008F-0000-1000-0000000FF1CE},,,,
000012ce77934677bf91a9ad8b094d749e2b00000904,2018-04-06 07:23:11,Microsoft.Windows.SecondaryTileExperience,10.0.0.0,"CN=Microsoft Windows, O=Microsoft Corporation, L=Redmond, S=Washington, C=US",,10.0.0.16299,,False,True,1033,C:\Windows\SystemApps\Microsoft.Windows.SecondaryTileExperience_cw5n1h2txyewy\AppXManifest.xml,,,Microsoft.Windows.SecondaryTileExperience_10.0.0.0_neutral__cw5n1h2txyewy,0000da39a3ee5e6b4b0d3255bfef95601890afd80709,,C:\Windows\SystemApps\Microsoft.Windows.SecondaryTileExperience_cw5n1h2txyewy,Application,AppxPackage,,,,,,
000012d6546e6c1982d53be09b42c6ad9b9900000904,2018-04-06 07:23:12,Microsoft.GetHelp,10.1706.10602.0,"CN=Microsoft Corporation, O=Microsoft Corporation, L=Redmond, S=Washington, C=US",,10.0.0.16299,C:\Program Files\WindowsApps\Microsoft.GetHelp_10.1706.10602.0_neutral_~_8wekyb3d8bbwe\AppxMetadata\AppXBundleManifest.xml,False,True,1033,C:\Program Files\WindowsApps\Microsoft.GetHelp_10.1706.10602.0_x64__8wekyb3d8bbwe\AppXManifest.xml,,,Microsoft.GetHelp_10.1706.10602.0_x64__8wekyb3d8bbwe,0000da39a3ee5e6b4b0d3255bfef95601890afd80709,,C:\Program Files\WindowsApps\Microsoft.GetHelp_10.1706.10602.0_x64__8wekyb3d8bbwe,Application,AppxPackage,,,,,,
000016944d2a1d815d44fa572a86d841816a00000904,2018-04-06 07:23:12,InputApp,1000.16299.251.0,"CN=Microsoft Windows, O=Microsoft Corporation, L=Redmond, S=Washington, C=US",,10.0.0.16299,,False,True,1033,C:\Windows\SystemApps\InputApp_cw5n1h2txyewy\AppXManifest.xml,,,InputApp_1000.16299.251.0_neutral_neutral_cw5n1h2txyewy,0000da39a3ee5e6b4b0d3255bfef95601890afd80709,,C:\Windows\SystemApps\InputApp_cw5n1h2txyewy,Application,AppxPackage,,,,,,
00001a095ee1d755027acc88fa483f4aac6f00000904,2018-04-06 07:23:11,Microsoft.Windows.PinningConfirmationDialog,1000.16299.15.0,"CN=Microsoft Windows, O=Microsoft Corporation, L=Redmond, S=Washington, C=US",,10.0.0.16299,,False,True,1033,C:\Windows\SystemApps\Microsoft.Windows.PinningConfirmationDialog_cw5n1h2txyewy\AppXManifest.xml,,,Microsoft.Windows.PinningConfirmationDialog_1000.16299.15.0_neutral__cw5n1h2txyewy,0000da39a3ee5e6b4b0d3255bfef95601890afd80709,,C:\Windows\SystemApps\Microsoft.Windows.PinningConfirmationDialog_cw5n1h2txyewy,Application,AppxPackage,,,,,,
0000261855401c0938214ff5e871d0ce3c6a0000ffff,2018-04-06 07:23:13,Dropbox,46.4.65,"Dropbox, Inc.",2018-03-29 21:10:16,10.0.0.16299,,False,False,65535,,,,,0000da39a3ee5e6b4b0d3255bfef95601890afd80709,HKEY_LOCAL_MACHINE\Software\Wow6432Node\Microsoft\Windows\CurrentVersion\Uninstall\Dropbox,C:\Program Files (x86)\Dropbox\Client,Application,AddRemoveProgram,,"""C:\Program Files (x86)\Dropbox\Client\DropboxUninstaller.exe"" /InstallType:MACHINE",,,,
00002730013eae87ceadb1ef48021879d38a00000904,2018-04-06 07:23:11,Microsoft.ZuneVideo,10.17122.16211.0,"CN=Microsoft Corporation, O=Microsoft Corporation, L=Redmond, S=Washington, C=US",,10.0.0.16299,C:\Program Files\WindowsApps\Microsoft.ZuneVideo_2019.17122.16211.0_neutral_~_8wekyb3d8bbwe\AppxMetadata\AppXBundleManifest.xml,False,True,1033,C:\Program Files\WindowsApps\Microsoft.ZuneVideo_10.17122.16211.0_x64__8wekyb3d8bbwe\AppXManifest.xml,,,Microsoft.ZuneVideo_10.17122.16211.0_x64__8wekyb3d8bbwe,0000da39a3ee5e6b4b0d3255bfef95601890afd80709,,C:\Program Files\WindowsApps\Microsoft.ZuneVideo_10.17122.16211.0_x64__8wekyb3d8bbwe,Application,AppxPackage,,,,,,
000027ace40c2a45fcc7679459e1cbaa5a4c00000904,2018-04-06 07:23:11,Microsoft.OneConnect,3.1710.3044.0,"CN=Microsoft Corporation, O=Microsoft Corporation, L=Redmond, S=Washington, C=US",,10.0.0.16299,C:\Program Files\WindowsApps\Microsoft.OneConnect_3.1710.3044.0_neutral_~_8wekyb3d8bbwe\AppxMetadata\AppXBundleManifest.xml,False,True,1033,C:\Program Files\WindowsApps\Microsoft.OneConnect_3.1710.3044.0_x64__8wekyb3d8bbwe\AppXManifest.xml,,,Microsoft.OneConnect_3.1710.3044.0_x64__8wekyb3d8bbwe,0000da39a3ee5e6b4b0d3255bfef95601890afd80709,,C:\Program Files\WindowsApps\Microsoft.OneConnect_3.1710.3044.0_x64__8wekyb3d8bbwe,Application,AppxPackage,,,,,,
000028d2daf069e5883f5aae4b75c1566b6f00000904,2018-04-06 07:23:12,Microsoft.BingWeather,4.23.10923.0,"CN=Microsoft Corporation, O=Microsoft Corporation, L=Redmond, S=Washington, C=US",,10.0.0.16299,C:\Program Files\WindowsApps\Microsoft.BingWeather_4.23.10923.0_neutral_~_8wekyb3d8bbwe\AppxMetadata\AppXBundleManifest.xml,False,True,1033,C:\Program Files\WindowsApps\Microsoft.BingWeather_4.23.10923.0_x64__8wekyb3d8bbwe\AppXManifest.xml,,,Microsoft.BingWeather_4.23.10923.0_x64__8wekyb3d8bbwe,0000da39a3ee5e6b4b0d3255bfef95601890afd80709,,C:\Program Files\WindowsApps\Microsoft.BingWeather_4.23.10923.0_x64__8wekyb3d8bbwe,Application,AppxPackage,,,,,,
00002a8b5f4ff6780524c6e6695d160cae8d00000904,2018-04-06 07:23:11,Microsoft.StorePurchaseApp,11802.1802.23001.0,"CN=Microsoft Corporation, O=Microsoft Corporation, L=Redmond, S=Washington, C=US",,10.0.0.16299,C:\Program Files\WindowsApps\Microsoft.StorePurchaseApp_11802.1802.23014.0_neutral_~_8wekyb3d8bbwe\AppxMetadata\AppXBundleManifest.xml,False,True,1033,C:\Program Files\WindowsApps\Microsoft.StorePurchaseApp_11802.1802.23001.0_x64__8wekyb3d8bbwe\AppXManifest.xml,,,Microsoft.StorePurchaseApp_11802.1802.23001.0_x64__8wekyb3d8bbwe,0000da39a3ee5e6b4b0d3255bfef95601890afd80709,,C:\Program Files\WindowsApps\Microsoft.StorePurchaseApp_11802.1802.23001.0_x64__8wekyb3d8bbwe,Application,AppxPackage,,,,,,
00002e66c77baab7ebb44c2738eab3cf3c3c0000ffff,2018-04-06 07:23:13,Google Chrome,65.0.3325.181,Google Inc.,2018-03-27 00:00:00,10.0.0.16299,,False,False,65535,,,,,0000a6dbe26882cfe9dccecf16161f80c4c1c5a4974f,HKEY_LOCAL_MACHINE\Software\Wow6432Node\Microsoft\Windows\CurrentVersion\Uninstall\Google Chrome,C:\Program Files (x86)\Google\Chrome\Application,Application,AddRemoveProgram,,"""C:\Program Files (x86)\Google\Chrome\Application\65.0.3325.181\Installer\setup.exe"" --uninstall --system-level --verbose-logging",,,,
00002fd1fcf05abed5137d6c077ca1e218190000ffff,2018-04-06 07:23:13,Box Sync,4.0.7886.0,Box Inc.,2018-03-28 00:44:23,10.0.0.16299,,True,False,65535,,,,,00006e2e0647fc274bfa344f33859bd528ad8e9fe1e1,HKEY_LOCAL_MACHINE\Software\Wow6432Node\Microsoft\Windows\CurrentVersion\Uninstall\{7a31e654-f419-48e9-8dad-aa87dd7294f1},c:\programdata\package cache\{7a31e654-f419-48e9-8dad-aa87dd7294f1},Application,Msi,,"""C:\ProgramData\Package Cache\{7a31e654-f419-48e9-8dad-aa87dd7294f1}\BoxSyncSetup.exe""  /uninstall",,,,
0000328822aee8bc1fa02d255b5b8403630b00000904,2018-04-06 07:23:12,Microsoft.ZuneMusic,10.18011.13411.0,"CN=Microsoft Corporation, O=Microsoft Corporation, L=Redmond, S=Washington, C=US",,10.0.0.16299,C:\Program Files\WindowsApps\Microsoft.ZuneMusic_2019.18011.13411.0_neutral_~_8wekyb3d8bbwe\AppxMetadata\AppXBundleManifest.xml,False,True,1033,C:\Program Files\WindowsApps\Microsoft.ZuneMusic_10.18011.13411.0_x64__8wekyb3d8bbwe\AppXManifest.xml,,,Microsoft.ZuneMusic_10.18011.13411.0_x64__8wekyb3d8bbwe,0000da39a3ee5e6b4b0d3255bfef95601890afd80709,,C:\Program Files\WindowsApps\Microsoft.ZuneMusic_10.18011.13411.0_x64__8wekyb3d8bbwe,Application,AppxPackage,,,,,,
00003296c2213f9eb2df1a5ab5107c003ebe0000ffff,2018-04-06 07:23:13,NVIDIA Stereoscopic 3D Driver,7.17.13.7500,NVIDIA Corporation,2018-03-27 09:21:38,10.0.0.16299,,True,False,65535,,,,,000049cb25b684c07cd81a0e0bea50fef7359f907d2e,HKEY_LOCAL_MACHINE\Software\Wow6432Node\Microsoft\Windows\CurrentVersion\Uninstall\NVIDIAStereo,C:\Program Files (x86)\NVIDIA Corporation\3D Vision,Application,AddRemoveProgram,,"""C:\Program Files (x86)\NVIDIA Corporation\3D Vision\nvStInst.exe"" /uninstall /ask",,,,
00003450924ded50b62ee42c61000b79002b00000904,2018-04-06 07:23:12,Microsoft.XboxApp,39.39.21002.0,"CN=Microsoft Corporation, O=Microsoft Corporation, L=Redmond, S=Washington, C=US",,10.0.0.16299,C:\Program Files\WindowsApps\Microsoft.XboxApp_39.39.21002.0_neutral_~_8wekyb3d8bbwe\AppxMetadata\AppXBundleManifest.xml,False,True,1033,C:\Program Files\WindowsApps\Microsoft.XboxApp_39.39.21002.0_x64__8wekyb3d8bbwe\AppXManifest.xml,,,Microsoft.XboxApp_39.39.21002.0_x64__8wekyb3d8bbwe,0000da39a3ee5e6b4b0d3255bfef95601890afd80709,,C:\Program Files\WindowsApps\Microsoft.XboxApp_39.39.21002.0_x64__8wekyb3d8bbwe,Application,AppxPackage,,,,,,
0000350adfc0a6ad0ec4e9622e095bfffb8100000904,2018-04-06 07:23:11,Microsoft.Windows.ContentDeliveryManager,10.0.16299.15,"CN=Microsoft Windows, O=Microsoft Corporation, L=Redmond, S=Washington, C=US",,10.0.0.16299,,False,True,1033,C:\Windows\SystemApps\Microsoft.Windows.ContentDeliveryManager_cw5n1h2txyewy\AppXManifest.xml,,,Microsoft.Windows.ContentDeliveryManager_10.0.16299.15_neutral_neutral_cw5n1h2txyewy,0000da39a3ee5e6b4b0d3255bfef95601890afd80709,,C:\Windows\SystemApps\Microsoft.Windows.ContentDeliveryManager_cw5n1h2txyewy,Application,AppxPackage,,,,,,
00003ad0073d37d623885973aafcd96740ef00000904,2018-04-06 07:23:11,Microsoft.WindowsMaps,5.1711.10477.0,"CN=Microsoft Corporation, O=Microsoft Corporation, L=Redmond, S=Washington, C=US",,10.0.0.16299,C:\Program Files\WindowsApps\Microsoft.WindowsMaps_2018.216.2133.0_neutral_~_8wekyb3d8bbwe\AppxMetadata\AppXBundleManifest.xml,False,True,1033,C:\Program Files\WindowsApps\Microsoft.WindowsMaps_5.1711.10477.0_x64__8wekyb3d8bbwe\AppXManifest.xml,,,Microsoft.WindowsMaps_5.1711.10477.0_x64__8wekyb3d8bbwe,0000da39a3ee5e6b4b0d3255bfef95601890afd80709,,C:\Program Files\WindowsApps\Microsoft.WindowsMaps_5.1711.10477.0_x64__8wekyb3d8bbwe,Application,AppxPackage,,,,,,
00003bbec1c1bb568a1f08fe4e79768aa1d100000904,2018-04-06 07:23:11,Windows.PrintDialog,6.2.0.0,"CN=Microsoft Windows, O=Microsoft Corporation, L=Redmond, S=Washington, C=US",,10.0.0.16299,,False,True,1033,C:\Windows\PrintDialog\AppXManifest.xml,,,Windows.PrintDialog_6.2.0.0_neutral_neutral_cw5n1h2txyewy,0000da39a3ee5e6b4b0d3255bfef95601890afd80709,,C:\Windows\PrintDialog,Application,AppxPackage,,,,,,
000040c2d13cb2c05dcea8b72a62d5dc964200000904,2018-04-06 07:23:12,Microsoft.Wallet,2.2.18065.0,"CN=Microsoft Corporation, O=Microsoft Corporation, L=Redmond, S=Washington, C=US",,10.0.0.16299,C:\Program Files\WindowsApps\Microsoft.Wallet_2.2.18065.0_neutral_~_8wekyb3d8bbwe\AppxMetadata\AppXBundleManifest.xml,False,False,1033,C:\Program Files\WindowsApps\Microsoft.Wallet_2.2.18065.0_x64__8wekyb3d8bbwe\AppXManifest.xml,,,Microsoft.Wallet_2.2.18065.0_x64__8wekyb3d8bbwe,0000da39a3ee5e6b4b0d3255bfef95601890afd80709,,C:\Program Files\WindowsApps\Microsoft.Wallet_2.2.18065.0_x64__8wekyb3d8bbwe,Application,AppxPackage,,,,,,
000041e82366025fbe2f363feadb9f14fb2800000904,2018-04-06 07:23:11,Microsoft.Windows.PeopleExperienceHost,10.0.16299.15,"CN=Microsoft Windows, O=Microsoft Corporation, L=Redmond, S=Washington, C=US",,10.0.0.16299,,False,True,1033,C:\Windows\SystemApps\Microsoft.Windows.PeopleExperienceHost_cw5n1h2txyewy\AppXManifest.xml,,,Microsoft.Windows.PeopleExperienceHost_10.0.16299.15_neutral_neutral_cw5n1h2txyewy,0000da39a3ee5e6b4b0d3255bfef95601890afd80709,,C:\Windows\SystemApps\Microsoft.Windows.PeopleExperienceHost_cw5n1h2txyewy,Application,AppxPackage,,,,,,
0000468e0bc089969b1b44528ac4c87f326600000008,2018-04-06 07:23:13,NVIDIA Install Application,2.1002.236.2037,NVIDIA Corporation,2018-03-27 00:00:00,10.0.0.16299,,True,False,2048,,,{B2FE1952-0186-46C3-BAEC-A80AA35AC5B8},,0000da39a3ee5e6b4b0d3255bfef95601890afd80709,HKEY_LOCAL_MACHINE\Software\Microsoft\Windows\CurrentVersion\Uninstall\{B2FE1952-0186-46C3-BAEC-A80AA35AC5B8}_installer,C:\Program Files\NVIDIA Corporation\Installer2\InstallerCore,Application,Msi,,,,,,
00004ae617db21a798720108b7862a44d30e00000904,2018-04-06 07:23:11,Microsoft.Xbox.TCUI,1.11.29001.0,"CN=Microsoft Corporation, O=Microsoft Corporation, L=Redmond, S=Washington, C=US",,10.0.0.16299,C:\Program Files\WindowsApps\Microsoft.Xbox.TCUI_1.11.29001.0_neutral_~_8wekyb3d8bbwe\AppxMetadata\AppXBundleManifest.xml,False,True,1033,C:\Program Files\WindowsApps\Microsoft.Xbox.TCUI_1.11.29001.0_x64__8wekyb3d8bbwe\AppXManifest.xml,,,Microsoft.Xbox.TCUI_1.11.29001.0_x64__8wekyb3d8bbwe,0000da39a3ee5e6b4b0d3255bfef95601890afd80709,,C:\Program Files\WindowsApps\Microsoft.Xbox.TCUI_1.11.29001.0_x64__8wekyb3d8bbwe,Application,AppxPackage,,,,,,
00004fb3b881f9671b1493e103473c5f3f6e00000904,2018-04-06 07:23:12,Microsoft.WindowsFeedbackHub,1.1712.811.0,"CN=Microsoft Corporation, O=Microsoft Corporation, L=Redmond, S=Washington, C=US",,10.0.0.16299,C:\Program Files\WindowsApps\Microsoft.WindowsFeedbackHub_2018.323.50.0_neutral_~_8wekyb3d8bbwe\AppxMetadata\AppXBundleManifest.xml,False,False,1033,C:\Program Files\WindowsApps\Microsoft.WindowsFeedbackHub_1.1712.811.0_x64__8wekyb3d8bbwe\AppXManifest.xml,,,Microsoft.WindowsFeedbackHub_1.1712.811.0_x64__8wekyb3d8bbwe,0000da39a3ee5e6b4b0d3255bfef95601890afd80709,,C:\Program Files\WindowsApps\Microsoft.WindowsFeedbackHub_1.1712.811.0_x64__8wekyb3d8bbwe,Application,AppxPackage,,,,,,
000053edacfc26d81f9d0e9aa4cc3ade85e000000904,2018-04-06 07:23:10,F46D4000-FD22-4DB4-AC8E-4E1DDDE828FE,10.0.16299.15,"CN=Microsoft Windows, O=Microsoft Corporation, L=Redmond, S=Washington, C=US",,10.0.0.16299,,False,True,1033,C:\Windows\SystemApps\Microsoft.Windows.AddSuggestedFoldersToLibraryDialog_cw5n1h2txyewy\AppXManifest.xml,,,F46D4000-FD22-4DB4-AC8E-4E1DDDE828FE_10.0.16299.15_neutral_neutral_cw5n1h2txyewy,0000da39a3ee5e6b4b0d3255bfef95601890afd80709,,C:\Windows\SystemApps\Microsoft.Windows.AddSuggestedFoldersToLibraryDialog_cw5n1h2txyewy,Application,AppxPackage,,,,,,
0000598cb42e7af4604b386c9397c37990fd00000904,2018-04-06 07:23:12,Microsoft.Print3D,2.0.10611.0,"CN=Microsoft Corporation, O=Microsoft Corporation, L=Redmond, S=Washington, C=US",,10.0.0.16299,C:\Program Files\WindowsApps\Microsoft.Print3D_2.0.10611.0_neutral_~_8wekyb3d8bbwe\AppxMetadata\AppXBundleManifest.xml,False,True,1033,C:\Program Files\WindowsApps\Microsoft.Print3D_2.0.10611.0_x64__8wekyb3d8bbwe\AppXManifest.xml,,,Microsoft.Print3D_2.0.10611.0_x64__8wekyb3d8bbwe,0000da39a3ee5e6b4b0d3255bfef95601890afd80709,,C:\Program Files\WindowsApps\Microsoft.Print3D_2.0.10611.0_x64__8wekyb3d8bbwe,Application,AppxPackage,,,,,,
00005c7e50bb3469f9e51bdac64994fc89ec00000904,2018-04-06 07:23:11,Microsoft.Messaging,3.37.23004.0,"CN=Microsoft Corporation, O=Microsoft Corporation, L=Redmond, S=Washington, C=US",,10.0.0.16299,C:\Program Files\WindowsApps\Microsoft.Messaging_2018.124.707.0_neutral_~_8wekyb3d8bbwe\AppxMetadata\AppXBundleManifest.xml,False,True,1033,C:\Program Files\WindowsApps\Microsoft.Messaging_3.37.23004.0_x64__8wekyb3d8bbwe\AppXManifest.xml,,,Microsoft.Messaging_3.37.23004.0_x64__8wekyb3d8bbwe,0000da39a3ee5e6b4b0d3255bfef95601890afd80709,,C:\Program Files\WindowsApps\Microsoft.Messaging_3.37.23004.0_x64__8wekyb3d8bbwe,Application,AppxPackage,,,,,,
0000661ac2e25b5455f7000837200bc8398200000904,2018-04-06 07:23:12,Microsoft.Office.OneNote,17.9126.20561.0,"CN=Microsoft Corporation, O=Microsoft Corporation, L=Redmond, S=Washington, C=US",,10.0.0.16299,C:\Program Files\WindowsApps\Microsoft.Office.OneNote_2015.9126.20561.0_neutral_~_8wekyb3d8bbwe\AppxMetadata\AppXBundleManifest.xml,False,True,1033,C:\Program Files\WindowsApps\Microsoft.Office.OneNote_17.9126.20561.0_x64__8wekyb3d8bbwe\AppXManifest.xml,,,Microsoft.Office.OneNote_17.9126.20561.0_x64__8wekyb3d8bbwe,0000da39a3ee5e6b4b0d3255bfef95601890afd80709,,C:\Program Files\WindowsApps\Microsoft.Office.OneNote_17.9126.20561.0_x64__8wekyb3d8bbwe,Application,AppxPackage,,,,,,
0000689e37c3bb5043dd20db8e1159772c2600000904,2018-04-06 07:23:12,Microsoft.DesktopAppInstaller,1.0.12894.0,"CN=Microsoft Corporation, O=Microsoft Corporation, L=Redmond, S=Washington, C=US",,10.0.0.16299,C:\Program Files\WindowsApps\Microsoft.DesktopAppInstaller_1.10.16004.0_neutral_~_8wekyb3d8bbwe\AppxMetadata\AppXBundleManifest.xml,False,True,1033,C:\Program Files\WindowsApps\Microsoft.DesktopAppInstaller_1.0.12894.0_x64__8wekyb3d8bbwe\AppXManifest.xml,,,Microsoft.DesktopAppInstaller_1.0.12894.0_x64__8wekyb3d8bbwe,0000da39a3ee5e6b4b0d3255bfef95601890afd80709,,C:\Program Files\WindowsApps\Microsoft.DesktopAppInstaller_1.0.12894.0_x64__8wekyb3d8bbwe,Application,AppxPackage,,,,,,
0000699d748935935417b72232d548199bcc00000000,2018-04-06 07:23:13,Office 16 Click-to-Run Extensibility Component 64-bit Registration,16.0.8431.2236,Microsoft Corporation,2018-03-27 00:00:00,10.0.0.16299,,True,False,0,,{AC8B0AC9-16C7-4C06-8B3C-09DA31C6069F},{90160000-00DD-0000-1000-0000000FF1CE},,0000da39a3ee5e6b4b0d3255bfef95601890afd80709,HKEY_LOCAL_MACHINE\Software\Microsoft\Windows\CurrentVersion\Uninstall\{90160000-00DD-0000-1000-0000000FF1CE},,Application,Msi,,MsiExec.exe /X{90160000-00DD-0000-1000-0000000FF1CE},,,,
0000703589d3c7211029b89ee315b050a19100000904,2018-04-06 07:23:10,1527c705-839a-4832-9118-54d4Bd6a0c89,10.0.16299.15,"CN=Microsoft Windows, O=Microsoft Corporation, L=Redmond, S=Washington, C=US",,10.0.0.16299,,False,True,1033,C:\Windows\SystemApps\Microsoft.Windows.FilePicker_cw5n1h2txyewy\AppXManifest.xml,,,1527c705-839a-4832-9118-54d4Bd6a0c89_10.0.16299.15_neutral_neutral_cw5n1h2txyewy,0000da39a3ee5e6b4b0d3255bfef95601890afd80709,,C:\Windows\SystemApps\Microsoft.Windows.FilePicker_cw5n1h2txyewy,Application,AppxPackage,,,,,,
00007ceb78e6da0a01f2c74e5412f416410900000904,2018-04-06 07:23:12,Microsoft.SkypeApp,12.1811.248.0,"CN=Skype Software Sarl, O=Microsoft Corporation, L=Luxembourg, S=Luxembourg, C=LU",,10.0.0.16299,C:\Program Files\WindowsApps\Microsoft.SkypeApp_12.1811.248.0_neutral_~_kzf8qxf38zg5c\AppxMetadata\AppXBundleManifest.xml,False,True,1033,C:\Program Files\WindowsApps\Microsoft.SkypeApp_12.1811.248.0_x64__kzf8qxf38zg5c\AppXManifest.xml,,,Microsoft.SkypeApp_12.1811.248.0_x64__kzf8qxf38zg5c,0000da39a3ee5e6b4b0d3255bfef95601890afd80709,,C:\Program Files\WindowsApps\Microsoft.SkypeApp_12.1811.248.0_x64__kzf8qxf38zg5c,Application,AppxPackage,,,,,,
000084a9efe9e4382d84bdc46a75ca00f7aa00000008,2018-04-06 07:23:13,NVIDIA 3D Vision Driver 376.54,376.54,NVIDIA Corporation,2018-03-27 00:00:00,10.0.0.16299,,False,False,2048,,,{B2FE1952-0186-46C3-BAEC-A80AA35AC5B8},,0000da39a3ee5e6b4b0d3255bfef95601890afd80709,HKEY_LOCAL_MACHINE\Software\Microsoft\Windows\CurrentVersion\Uninstall\{B2FE1952-0186-46C3-BAEC-A80AA35AC5B8}_Display.3DVision,C:\Program Files (x86)\NVIDIA Corporation\3D Vision,Application,Msi,,"""C:\Windows\SysWOW64\RunDll32.EXE"" ""C:\Program Files\NVIDIA Corporation\Installer2\InstallerCore\NVI2.DLL"",UninstallPackage Display.3DVision",,,,
000085b3c6f38323920bd0a31070a12dbe4900000904,2018-04-06 07:23:11,Microsoft.Windows.SecureAssessmentBrowser,10.0.16299.15,"CN=Microsoft Windows, O=Microsoft Corporation, L=Redmond, S=Washington, C=US",,10.0.0.16299,,False,True,1033,C:\Windows\SystemApps\Microsoft.Windows.SecureAssessmentBrowser_cw5n1h2txyewy\AppXManifest.xml,,,Microsoft.Windows.SecureAssessmentBrowser_10.0.16299.15_neutral_neutral_cw5n1h2txyewy,0000da39a3ee5e6b4b0d3255bfef95601890afd80709,,C:\Windows\SystemApps\Microsoft.Windows.SecureAssessmentBrowser_cw5n1h2txyewy,Application,AppxPackage,,,,,,
00008842fe67a5a52e9ddddf51310a82be3700000904,2018-04-06 07:23:10,Microsoft.AAD.BrokerPlugin,1000.16299.15.0,"CN=Microsoft Windows, O=Microsoft Corporation, L=Redmond, S=Washington, C=US",,10.0.0.16299,,False,True,1033,C:\Windows\SystemApps\Microsoft.AAD.BrokerPlugin_cw5n1h2txyewy\AppXManifest.xml,,,Microsoft.AAD.BrokerPlugin_1000.16299.15.0_neutral_neutral_cw5n1h2txyewy,0000da39a3ee5e6b4b0d3255bfef95601890afd80709,,C:\Windows\SystemApps\Microsoft.AAD.BrokerPlugin_cw5n1h2txyewy,Application,AppxPackage,,,,,,
000088f8b5a836d5512ac91d29ac94c9e68900000904,2018-04-06 07:23:11,Microsoft.XboxSpeechToTextOverlay,1.21.13002.0,"CN=Microsoft Corporation, O=Microsoft Corporation, L=Redmond, S=Washington, C=US",,10.0.0.16299,C:\Program Files\WindowsApps\Microsoft.XboxSpeechToTextOverlay_1.21.13002.0_neutral_~_8wekyb3d8bbwe\AppxMetadata\AppXBundleManifest.xml,False,True,1033,C:\Program Files\WindowsApps\Microsoft.XboxSpeechToTextOverlay_1.21.13002.0_x64__8wekyb3d8bbwe\AppXManifest.xml,,,Microsoft.XboxSpeechToTextOverlay_1.21.13002.0_x64__8wekyb3d8bbwe,0000da39a3ee5e6b4b0d3255bfef95601890afd80709,,C:\Program Files\WindowsApps\Microsoft.XboxSpeechToTextOverlay_1.21.13002.0_x64__8wekyb3d8bbwe,Application,AppxPackage,,,,,,
000089e97751f31c89be39055cc57efee68800000904,2018-04-06 07:23:11,Microsoft.Windows.Cortana,1.9.6.16299,"CN=Microsoft Windows, O=Microsoft Corporation, L=Redmond, S=Washington, C=US",,10.0.0.16299,,False,True,1033,C:\Windows\SystemApps\Microsoft.Windows.Cortana_cw5n1h2txyewy\AppXManifest.xml,,,Microsoft.Windows.Cortana_1.9.6.16299_neutral_neutral_cw5n1h2txyewy,0000da39a3ee5e6b4b0d3255bfef95601890afd80709,,C:\Windows\SystemApps\Microsoft.Windows.Cortana_cw5n1h2txyewy,Application,AppxPackage,,,,,,
00008c222342fe34e79e4b885d48aa4d0b8f00000904,2018-04-06 07:23:12,microsoft.windowscommunicationsapps,17.9126.21425.0,"CN=Microsoft Corporation, O=Microsoft Corporation, L=Redmond, S=Washington, C=US",,10.0.0.16299,C:\Program Files\WindowsApps\microsoft.windowscommunicationsapps_2015.9126.21425.0_neutral_~_8wekyb3d8bbwe\AppxMetadata\AppXBundleManifest.xml,False,False,1033,C:\Program Files\WindowsApps\microsoft.windowscommunicationsapps_17.9126.21425.0_x64__8wekyb3d8bbwe\AppXManifest.xml,,,microsoft.windowscommunicationsapps_17.9126.21425.0_x64__8wekyb3d8bbwe,0000da39a3ee5e6b4b0d3255bfef95601890afd80709,,C:\Program Files\WindowsApps\microsoft.windowscommunicationsapps_17.9126.21425.0_x64__8wekyb3d8bbwe,Application,AppxPackage,,,,,,
00008e1e8fc97f398ac0b6a51b2e3398beb700000904,2018-04-06 07:23:13,Office 16 Click-to-Run Localization Component,16.0.8326.2076,Microsoft Corporation,2018-03-27 00:00:00,10.0.0.16299,,True,False,1033,,{0A7E983F-C27C-4BC4-BAFE-EC24B098DB55},{90160000-008C-0409-0000-0000000FF1CE},,0000da39a3ee5e6b4b0d3255bfef95601890afd80709,HKEY_LOCAL_MACHINE\Software\Wow6432Node\Microsoft\Windows\CurrentVersion\Uninstall\{90160000-008C-0409-0000-0000000FF1CE},,Application,Msi,,MsiExec.exe /X{90160000-008C-0409-0000-0000000FF1CE},,,,
000091e201f9a500a0fafeac8c3b2d61140c00000904,2018-04-06 07:23:13,Backup and Sync from Google,3.40.8921.5350,"Google, Inc.",2018-03-27 00:00:00,10.0.0.16299,,False,False,1033,,{0A3D1E67-AF8C-4134-8E9B-C64584EF8EDF},{4B7277C7-9CEE-45FC-B36B-19AD28281B9C},,0000da39a3ee5e6b4b0d3255bfef95601890afd80709,HKEY_LOCAL_MACHINE\Software\Microsoft\Windows\CurrentVersion\Uninstall\{4B7277C7-9CEE-45FC-B36B-19AD28281B9C},,Application,Msi,,MsiExec.exe /X{4B7277C7-9CEE-45FC-B36B-19AD28281B9C},,,,
0000993d24de23adf7057a3c26dbf4cc9bef00000904,2018-04-06 07:23:12,Microsoft.MicrosoftEdge,41.16299.248.0,"CN=Microsoft Corporation, O=Microsoft Corporation, L=Redmond, S=Washington, C=US",,10.0.0.16299,,False,True,1033,C:\Windows\SystemApps\Microsoft.MicrosoftEdge_8wekyb3d8bbwe\AppXManifest.xml,,,Microsoft.MicrosoftEdge_41.16299.248.0_neutral__8wekyb3d8bbwe,0000da39a3ee5e6b4b0d3255bfef95601890afd80709,,C:\Windows\SystemApps\Microsoft.MicrosoftEdge_8wekyb3d8bbwe,Application,AppxPackage,,,,,,
00009a43020ab382265d180479579f34972200000904,2018-04-06 07:23:10,c5e2524a-ea46-4f67-841f-6a9465d9d515,10.0.16299.15,"CN=Microsoft Windows, O=Microsoft Corporation, L=Redmond, S=Washington, C=US",,10.0.0.16299,,False,True,1033,C:\Windows\SystemApps\Microsoft.Windows.FileExplorer_cw5n1h2txyewy\AppXManifest.xml,,,c5e2524a-ea46-4f67-841f-6a9465d9d515_10.0.16299.15_neutral_neutral_cw5n1h2txyewy,0000da39a3ee5e6b4b0d3255bfef95601890afd80709,,C:\Windows\SystemApps\Microsoft.Windows.FileExplorer_cw5n1h2txyewy,Application,AppxPackage,,,,,,
00009c722af29a18cb95e9afd4c97eb4806d00000904,2018-04-06 07:23:12,Microsoft.MicrosoftSolitaireCollection,3.18.12091.0,"CN=Microsoft Corporation, O=Microsoft Corporation, L=Redmond, S=Washington, C=US",,10.0.0.16299,C:\Program Files\WindowsApps\Microsoft.MicrosoftSolitaireCollection_3.18.12091.0_neutral_~_8wekyb3d8bbwe\AppxMetadata\AppXBundleManifest.xml,False,True,1033,C:\Program Files\WindowsApps\Microsoft.MicrosoftSolitaireCollection_3.18.12091.0_x64__8wekyb3d8bbwe\AppXManifest.xml,,,Microsoft.MicrosoftSolitaireCollection_3.18.12091.0_x64__8wekyb3d8bbwe,0000da39a3ee5e6b4b0d3255bfef95601890afd80709,,C:\Program Files\WindowsApps\Microsoft.MicrosoftSolitaireCollection_3.18.12091.0_x64__8wekyb3d8bbwe,Application,AppxPackage,,,,,,
0000a86dc9e07c2a0791e5c03d099a65887f00000904,2018-04-06 07:23:12,Microsoft.Microsoft3DViewer,3.1803.29012.0,"CN=Microsoft Corporation, O=Microsoft Corporation, L=Redmond, S=Washington, C=US",,10.0.0.16299,C:\Program Files\WindowsApps\Microsoft.Microsoft3DViewer_3.1803.29012.0_neutral_~_8wekyb3d8bbwe\AppxMetadata\AppXBundleManifest.xml,False,False,1033,C:\Program Files\WindowsApps\Microsoft.Microsoft3DViewer_3.1803.29012.0_x64__8wekyb3d8bbwe\AppXManifest.xml,,,Microsoft.Microsoft3DViewer_3.1803.29012.0_x64__8wekyb3d8bbwe,0000da39a3ee5e6b4b0d3255bfef95601890afd80709,,C:\Program Files\WindowsApps\Microsoft.Microsoft3DViewer_3.1803.29012.0_x64__8wekyb3d8bbwe,Application,AppxPackage,,,,,,
0000a96bddb38b66aac8e1faa9679b7bb8ff00000904,2018-04-06 07:23:11,windows.immersivecontrolpanel,10.0.1.1000,"CN=Microsoft Windows, O=Microsoft Corporation, L=Redmond, S=Washington, C=US",,10.0.0.16299,,False,True,1033,C:\Windows\ImmersiveControlPanel\AppXManifest.xml,,,windows.immersivecontrolpanel_10.0.1.1000_neutral_neutral_cw5n1h2txyewy,0000da39a3ee5e6b4b0d3255bfef95601890afd80709,,C:\Windows\ImmersiveControlPanel,Application,AppxPackage,,,,,,
0000aabefd5254c6da24e88b7ecd87f7dbdb00000904,2018-04-06 07:23:12,Microsoft.Windows.Photos,2018.18022.15810.0,"CN=Microsoft Corporation, O=Microsoft Corporation, L=Redmond, S=Washington, C=US",,10.0.0.16299,C:\Program Files\WindowsApps\Microsoft.Windows.Photos_2018.18022.15810.0_neutral_~_8wekyb3d8bbwe\AppxMetadata\AppXBundleManifest.xml,False,False,1033,C:\Program Files\WindowsApps\Microsoft.Windows.Photos_2018.18022.15810.0_x64__8wekyb3d8bbwe\AppXManifest.xml,,,Microsoft.Windows.Photos_2018.18022.15810.0_x64__8wekyb3d8bbwe,0000da39a3ee5e6b4b0d3255bfef95601890afd80709,,C:\Program Files\WindowsApps\Microsoft.Windows.Photos_2018.18022.15810.0_x64__8wekyb3d8bbwe,Application,AppxPackage,,,,,,
0000ad551f8600439da83e632fc11a564a8c00000904,2018-04-06 07:23:12,Microsoft.WindowsSoundRecorder,10.1803.613.0,"CN=Microsoft Corporation, O=Microsoft Corporation, L=Redmond, S=Washington, C=US",,10.0.0.16299,C:\Program Files\WindowsApps\Microsoft.WindowsSoundRecorder_2018.303.921.0_neutral_~_8wekyb3d8bbwe\AppxMetadata\AppXBundleManifest.xml,False,True,1033,C:\Program Files\WindowsApps\Microsoft.WindowsSoundRecorder_10.1803.613.0_x64__8wekyb3d8bbwe\AppXManifest.xml,,,Microsoft.WindowsSoundRecorder_10.1803.613.0_x64__8wekyb3d8bbwe,0000da39a3ee5e6b4b0d3255bfef95601890afd80709,,C:\Program Files\WindowsApps\Microsoft.WindowsSoundRecorder_10.1803.613.0_x64__8wekyb3d8bbwe,Application,AppxPackage,,,,,,
0000ae4dead41a00726b6f2ddfee2da31b5d00000904,2018-04-06 07:23:11,Microsoft.LockApp,10.0.16299.15,"CN=Microsoft Windows, O=Microsoft Corporation, L=Redmond, S=Washington, C=US",,10.0.0.16299,,False,True,1033,C:\Windows\SystemApps\Microsoft.LockApp_cw5n1h2txyewy\AppXManifest.xml,,,Microsoft.LockApp_10.0.16299.15_neutral__cw5n1h2txyewy,0000da39a3ee5e6b4b0d3255bfef95601890afd80709,,C:\Windows\SystemApps\Microsoft.LockApp_cw5n1h2txyewy,Application,AppxPackage,,,,,,
0000b0764d8d4abc468cc1d70d2d2b7618c200000904,2018-04-06 07:23:12,Microsoft.WindowsAlarms,10.1803.614.0,"CN=Microsoft Corporation, O=Microsoft Corporation, L=Redmond, S=Washington, C=US",,10.0.0.16299,C:\Program Files\WindowsApps\Microsoft.WindowsAlarms_2018.303.908.0_neutral_~_8wekyb3d8bbwe\AppxMetadata\AppXBundleManifest.xml,False,True,1033,C:\Program Files\WindowsApps\Microsoft.WindowsAlarms_10.1803.614.0_x64__8wekyb3d8bbwe\AppXManifest.xml,,,Microsoft.WindowsAlarms_10.1803.614.0_x64__8wekyb3d8bbwe,0000da39a3ee5e6b4b0d3255bfef95601890afd80709,,C:\Program Files\WindowsApps\Microsoft.WindowsAlarms_10.1803.614.0_x64__8wekyb3d8bbwe,Application,AppxPackage,,,,,,
0000ba80c2eefbf72b4c6f1d23ca885f6e2200000904,2018-04-06 07:23:12,Microsoft.Windows.SecHealthUI,10.0.16299.309,"CN=Microsoft Windows, O=Microsoft Corporation, L=Redmond, S=Washington, C=US",,10.0.0.16299,,False,True,1033,C:\Windows\SystemApps\Microsoft.Windows.SecHealthUI_cw5n1h2txyewy\AppXManifest.xml,,,Microsoft.Windows.SecHealthUI_10.0.16299.309_neutral__cw5n1h2txyewy,0000da39a3ee5e6b4b0d3255bfef95601890afd80709,,C:\Windows\SystemApps\Microsoft.Windows.SecHealthUI_cw5n1h2txyewy,Application,AppxPackage,,,,,,
0000bcaf61c469935489a92992654951840700000904,2018-04-06 07:23:11,Microsoft.Windows.ParentalControls,1000.16299.15.0,"CN=Microsoft Windows, O=Microsoft Corporation, L=Redmond, S=Washington, C=US",,10.0.0.16299,,False,True,1033,C:\Windows\SystemApps\ParentalControls_cw5n1h2txyewy\AppXManifest.xml,,,Microsoft.Windows.ParentalControls_1000.16299.15.0_neutral_neutral_cw5n1h2txyewy,0000da39a3ee5e6b4b0d3255bfef95601890afd80709,,C:\Windows\SystemApps\ParentalControls_cw5n1h2txyewy,Application,AppxPackage,,,,,,
0000bf9e192c64de7f45c93ba9a6cd7ca07800000000,2018-04-06 07:23:13,Office 16 Click-to-Run Extensibility Component,16.0.8431.2236,Microsoft Corporation,2018-03-27 00:00:00,10.0.0.16299,,True,False,0,,{C7F6DEDF-905D-4208-8B4C-B30D6AE15ED7},{90160000-008C-0000-0000-0000000FF1CE},,0000ac25890a58940078d5cf6a5f7dc3ca2b01ecb189,HKEY_LOCAL_MACHINE\Software\Wow6432Node\Microsoft\Windows\CurrentVersion\Uninstall\{90160000-008C-0000-0000-0000000FF1CE},,Application,Msi,,MsiExec.exe /X{90160000-008C-0000-0000-0000000FF1CE},,,,
0000c0e4e9bd23b4165f0b465e3381781a2400000904,2018-04-06 07:23:12,Microsoft.People,10.3.3472.0,"CN=Microsoft Corporation, O=Microsoft Corporation, L=Redmond, S=Washington, C=US",,10.0.0.16299,C:\Program Files\WindowsApps\Microsoft.People_2017.1214.153.0_neutral_~_8wekyb3d8bbwe\AppxMetadata\AppXBundleManifest.xml,False,True,1033,C:\Program Files\WindowsApps\Microsoft.People_10.3.3472.0_x64__8wekyb3d8bbwe\AppXManifest.xml,,,Microsoft.People_10.3.3472.0_x64__8wekyb3d8bbwe,0000da39a3ee5e6b4b0d3255bfef95601890afd80709,,C:\Program Files\WindowsApps\Microsoft.People_10.3.3472.0_x64__8wekyb3d8bbwe,Application,AppxPackage,,,,,,
0000c117d2a9165e8768847369e43f20ef0100000904,2018-04-06 07:23:12,Microsoft.MicrosoftStickyNotes,2.1.18.0,"CN=Microsoft Corporation, O=Microsoft Corporation, L=Redmond, S=Washington, C=US",,10.0.0.16299,C:\Program Files\WindowsApps\Microsoft.MicrosoftStickyNotes_2.1.18.0_neutral_~_8wekyb3d8bbwe\AppxMetadata\AppXBundleManifest.xml,False,False,1033,C:\Program Files\WindowsApps\Microsoft.MicrosoftStickyNotes_2.1.18.0_x64__8wekyb3d8bbwe\AppXManifest.xml,,,Microsoft.MicrosoftStickyNotes_2.1.18.0_x64__8wekyb3d8bbwe,0000da39a3ee5e6b4b0d3255bfef95601890afd80709,,C:\Program Files\WindowsApps\Microsoft.MicrosoftStickyNotes_2.1.18.0_x64__8wekyb3d8bbwe,Application,AppxPackage,,,,,,
0000c7905b86219624a71ddd79baf059bec20000ffff,2018-04-06 07:23:13,Dell Touchpad,10.1207.101.103,"ALPS ELECTRIC CO., LTD.",2018-03-27 09:17:25,10.0.0.16299,,False,False,65535,,,{9F72EF8B-AEC9-4CA5-B483-143980AFD6FD},,0000da39a3ee5e6b4b0d3255bfef95601890afd80709,HKEY_LOCAL_MACHINE\Software\Microsoft\Windows\CurrentVersion\Uninstall\{9F72EF8B-AEC9-4CA5-B483-143980AFD6FD},C:\Program Files\DellTPad,Application,Msi,,"""C:\Program Files\DellTPad\Uninstap.exe"" ADDREMOVE",,,,
0000c97d9d2e772d6ab1d7f5c03d7e7aceb100000008,2018-04-06 07:23:13,NVIDIA HD Audio Driver 1.3.34.17,1.3.34.17,NVIDIA Corporation,2018-03-27 00:00:00,10.0.0.16299,,False,False,2048,,,,,0000da39a3ee5e6b4b0d3255bfef95601890afd80709,HKEY_LOCAL_MACHINE\Software\Microsoft\Windows\CurrentVersion\Uninstall\{B2FE1952-0186-46C3-BAEC-A80AA35AC5B8}_HDAudio.Driver,C:\Program Files\NVIDIA Corporation\Installer2\HDAudio.Driver.{C9749F82-1DC5-4236-84FD-7A6A01852AFA},Application,Msi,,"""C:\Windows\SysWOW64\RunDll32.EXE"" ""C:\Program Files\NVIDIA Corporation\Installer2\InstallerCore\NVI2.DLL"",UninstallPackage HDAudio.Driver",,,,
0000c9bb7550b6d21395f29c2b46f12125a60000ffff,2018-04-06 07:23:13,Vulkan Run Time Libraries 1.0.26.0,1.0.26.0,"LunarG, Inc.",2018-03-27 09:21:06,10.0.0.16299,,False,False,65535,,,,,0000b6e6cb59f8fd6ff7c1cc66f3d1925bfdfdfc15ba,HKEY_LOCAL_MACHINE\Software\Microsoft\Windows\CurrentVersion\Uninstall\VulkanRT1.0.26.0,c:\program files (x86)\VulkanRT\1.0.26.0,Application,AddRemoveProgram,,C:\Program Files (x86)\VulkanRT\1.0.26.0\UninstallVulkanRT.exe,,,,
0000ca88b3882eaecec9f1852f85a0220dd000000904,2018-04-06 07:23:11,Microsoft.Windows.OOBENetworkConnectionFlow,10.0.16299.15,"CN=Microsoft Windows, O=Microsoft Corporation, L=Redmond, S=Washington, C=US",,10.0.0.16299,,False,True,1033,C:\Windows\SystemApps\Microsoft.Windows.OOBENetworkConnectionFlow_cw5n1h2txyewy\AppXManifest.xml,,,Microsoft.Windows.OOBENetworkConnectionFlow_10.0.16299.15_neutral__cw5n1h2txyewy,0000da39a3ee5e6b4b0d3255bfef95601890afd80709,,C:\Windows\SystemApps\Microsoft.Windows.OOBENetworkConnectionFlow_cw5n1h2txyewy,Application,AppxPackage,,,,,,
0000ca890566c99498ee63226cb16f0fba7200000904,2018-04-06 07:23:12,Microsoft.WindowsCamera,2018.227.30.0,"CN=Microsoft Corporation, O=Microsoft Corporation, L=Redmond, S=Washington, C=US",,10.0.0.16299,C:\Program Files\WindowsApps\Microsoft.WindowsCamera_2018.227.30.0_neutral_~_8wekyb3d8bbwe\AppxMetadata\AppXBundleManifest.xml,False,False,1033,C:\Program Files\WindowsApps\Microsoft.WindowsCamera_2018.227.30.0_x64__8wekyb3d8bbwe\AppXManifest.xml,,,Microsoft.WindowsCamera_2018.227.30.0_x64__8wekyb3d8bbwe,0000da39a3ee5e6b4b0d3255bfef95601890afd80709,,C:\Program Files\WindowsApps\Microsoft.WindowsCamera_2018.227.30.0_x64__8wekyb3d8bbwe,Application,AppxPackage,,,,,,
0000ca891e3cd2ba311c3d8ef573509b142900000904,2018-04-06 07:23:11,Microsoft.XboxGameCallableUI,1000.16299.15.0,"CN=Microsoft Windows, O=Microsoft Corporation, L=Redmond, S=Washington, C=US",,10.0.0.16299,,False,True,1033,C:\Windows\SystemApps\Microsoft.XboxGameCallableUI_cw5n1h2txyewy\AppXManifest.xml,,,Microsoft.XboxGameCallableUI_1000.16299.15.0_neutral_neutral_cw5n1h2txyewy,0000da39a3ee5e6b4b0d3255bfef95601890afd80709,,C:\Windows\SystemApps\Microsoft.XboxGameCallableUI_cw5n1h2txyewy,Application,AppxPackage,,,,,,
0000cc8c4fc29189385bab1e32b0a8a1ccbc00000904,2018-04-06 07:23:11,Microsoft.PPIProjection,10.0.16299.15,"CN=Microsoft Windows, O=Microsoft Corporation, L=Redmond, S=Washington, C=US",,10.0.0.16299,,False,True,1033,C:\Windows\SystemApps\Microsoft.PPIProjection_cw5n1h2txyewy\AppXManifest.xml,,,Microsoft.PPIProjection_10.0.16299.15_neutral_neutral_cw5n1h2txyewy,0000da39a3ee5e6b4b0d3255bfef95601890afd80709,,C:\Windows\SystemApps\Microsoft.PPIProjection_cw5n1h2txyewy,Application,AppxPackage,,,,,,
0000cdf379ef1c0607367b323cd132d2287400000904,2018-04-06 07:23:12,Microsoft.WindowsCalculator,10.1803.711.0,"CN=Microsoft Corporation, O=Microsoft Corporation, L=Redmond, S=Washington, C=US",,10.0.0.16299,C:\Program Files\WindowsApps\Microsoft.WindowsCalculator_2018.312.1947.0_neutral_~_8wekyb3d8bbwe\AppxMetadata\AppXBundleManifest.xml,False,True,1033,C:\Program Files\WindowsApps\Microsoft.WindowsCalculator_10.1803.711.0_x64__8wekyb3d8bbwe\AppXManifest.xml,,,Microsoft.WindowsCalculator_10.1803.711.0_x64__8wekyb3d8bbwe,0000da39a3ee5e6b4b0d3255bfef95601890afd80709,,C:\Program Files\WindowsApps\Microsoft.WindowsCalculator_10.1803.711.0_x64__8wekyb3d8bbwe,Application,AppxPackage,,,,,,
0000cf0a4d1f4bd4f08ed7c79103fb7136aa00000904,2018-04-06 07:23:13,Google Update Helper,1.3.33.7,Google Inc.,2018-03-27 00:00:00,10.0.0.16299,,True,False,1033,,{646E8264-633A-4689-A853-CE5123D8978A},{60EC980A-BDA2-4CB6-A427-B07A5498B4CA},,0000da39a3ee5e6b4b0d3255bfef95601890afd80709,HKEY_LOCAL_MACHINE\Software\Wow6432Node\Microsoft\Windows\CurrentVersion\Uninstall\{60EC980A-BDA2-4CB6-A427-B07A5498B4CA},,Application,Msi,,MsiExec.exe /I{60EC980A-BDA2-4CB6-A427-B07A5498B4CA},,,,
0000cfedd3f2b2989fbe1d5f3afd235767af00000008,2018-04-06 07:23:13,NVIDIA nView 148.03,148.03,NVIDIA Corporation,2018-03-27 00:00:00,10.0.0.16299,,False,False,2048,,,{B2FE1952-0186-46C3-BAEC-A80AA35AC5B8},,0000da39a3ee5e6b4b0d3255bfef95601890afd80709,HKEY_LOCAL_MACHINE\Software\Microsoft\Windows\CurrentVersion\Uninstall\{B2FE1952-0186-46C3-BAEC-A80AA35AC5B8}_Display.NView,C:\Program Files\NVIDIA Corporation\nview,Application,Msi,,"""C:\Windows\SysWOW64\RunDll32.EXE"" ""C:\Program Files\NVIDIA Corporation\Installer2\InstallerCore\NVI2.DLL"",UninstallPackage Display.NView",,,,
0000d08c62e1b28899b1e16a24d603745e2b00000904,2018-04-06 07:23:11,Microsoft.Windows.CloudExperienceHost,10.0.16299.15,"CN=Microsoft Windows, O=Microsoft Corporation, L=Redmond, S=Washington, C=US",,10.0.0.16299,,False,True,1033,C:\Windows\SystemApps\Microsoft.Windows.CloudExperienceHost_cw5n1h2txyewy\AppXManifest.xml,,,Microsoft.Windows.CloudExperienceHost_10.0.16299.15_neutral_neutral_cw5n1h2txyewy,0000da39a3ee5e6b4b0d3255bfef95601890afd80709,,C:\Windows\SystemApps\Microsoft.Windows.CloudExperienceHost_cw5n1h2txyewy,Application,AppxPackage,,,,,,
0000d330fd863a425c3d6fa5390d5d0c0d700000ffff,2018-04-06 07:23:13,Microsoft OneDrive,18.044.0301.0006,Microsoft Corporation,2018-04-04 05:59:40,10.0.0.16299,,False,False,65535,,,,,0000c8d8ff540ceb6ad4e212206eed47403560a8849c,HKEY_USERS\S-1-5-21-2734969515-1644526556-1039763013-1001\Software\Microsoft\Windows\CurrentVersion\Uninstall\OneDriveSetup.exe,c:\Users\jcloudy\AppData\Local\microsoft\OneDrive\18.044.0301.0006,Application,AddRemoveProgramPerUser,,C:\Users\jcloudy\AppData\Local\Microsoft\OneDrive\18.044.0301.0006\OneDriveSetup.exe  /uninstall,,,,
0000d4574c2088663f9152b10c153a3cb1ce00000008,2018-04-06 07:23:13,NVIDIA Display Container,1.0,NVIDIA Corporation,2018-03-27 00:00:00,10.0.0.16299,,True,False,2048,,,{B2FE1952-0186-46C3-BAEC-A80AA35AC5B8},,0000da39a3ee5e6b4b0d3255bfef95601890afd80709,HKEY_LOCAL_MACHINE\Software\Microsoft\Windows\CurrentVersion\Uninstall\{B2FE1952-0186-46C3-BAEC-A80AA35AC5B8}_NVDisplayContainer,C:\Program Files\NVIDIA Corporation\Display.NvContainer,Application,Msi,,,,,,
0000d4d016d2e0a52de889e6124ff95cfdbc00000904,2018-04-06 07:23:11,Microsoft.MicrosoftOfficeHub,17.8830.7600.0,"CN=Microsoft Corporation, O=Microsoft Corporation, L=Redmond, S=Washington, C=US",,10.0.0.16299,C:\Program Files\WindowsApps\Microsoft.MicrosoftOfficeHub_2017.1213.2345.0_neutral_~_8wekyb3d8bbwe\AppxMetadata\AppXBundleManifest.xml,False,True,1033,C:\Program Files\WindowsApps\Microsoft.MicrosoftOfficeHub_17.8830.7600.0_x64__8wekyb3d8bbwe\AppXManifest.xml,,,Microsoft.MicrosoftOfficeHub_17.8830.7600.0_x64__8wekyb3d8bbwe,0000da39a3ee5e6b4b0d3255bfef95601890afd80709,,C:\Program Files\WindowsApps\Microsoft.MicrosoftOfficeHub_17.8830.7600.0_x64__8wekyb3d8bbwe,Application,AppxPackage,,,,,,
0000d5f8371dfedbaa9c96c40d86330e899d00000904,2018-04-06 07:23:10,E2A4F912-2574-4A75-9BB0-0D023378592B,10.0.16299.15,"CN=Microsoft Windows, O=Microsoft Corporation, L=Redmond, S=Washington, C=US",,10.0.0.16299,,False,True,1033,C:\Windows\SystemApps\Microsoft.Windows.AppResolverUX_cw5n1h2txyewy\AppXManifest.xml,,,E2A4F912-2574-4A75-9BB0-0D023378592B_10.0.16299.15_neutral_neutral_cw5n1h2txyewy,0000da39a3ee5e6b4b0d3255bfef95601890afd80709,,C:\Windows\SystemApps\Microsoft.Windows.AppResolverUX_cw5n1h2txyewy,Application,AppxPackage,,,,,,
0000d8aa5f620e1803f2670e1bc2869db8be00000904,2018-04-06 07:23:10,Microsoft.BioEnrollment,10.0.16299.15,"CN=Microsoft Windows, O=Microsoft Corporation, L=Redmond, S=Washington, C=US",,10.0.0.16299,,False,True,1033,C:\Windows\SystemApps\Microsoft.BioEnrollment_cw5n1h2txyewy\AppXManifest.xml,,,Microsoft.BioEnrollment_10.0.16299.15_neutral__cw5n1h2txyewy,0000da39a3ee5e6b4b0d3255bfef95601890afd80709,,C:\Windows\SystemApps\Microsoft.BioEnrollment_cw5n1h2txyewy,Application,AppxPackage,,,,,,
0000e24c4aa4d4764b8ec5b2a611ce9a843f00000904,2018-04-06 07:23:12,microsoft.microsoftskydrive,17.28.4.0,"CN=Microsoft Corporation, O=Microsoft Corporation, L=Redmond, S=Washington, C=US",,10.0.0.16299,C:\Program Files\WindowsApps\microsoft.microsoftskydrive_17.28.4.0_neutral_~_8wekyb3d8bbwe\AppxMetadata\AppXBundleManifest.xml,False,False,1033,C:\Program Files\WindowsApps\microsoft.microsoftskydrive_17.28.4.0_x64__8wekyb3d8bbwe\AppXManifest.xml,,,microsoft.microsoftskydrive_17.28.4.0_x64__8wekyb3d8bbwe,0000da39a3ee5e6b4b0d3255bfef95601890afd80709,,C:\Program Files\WindowsApps\microsoft.microsoftskydrive_17.28.4.0_x64__8wekyb3d8bbwe,Application,AppxPackage,,,,,,
0000e3134f359e3f2edb14783c3e0641883300000904,2018-04-06 07:23:12,Microsoft.Getstarted,6.7.3462.0,"CN=Microsoft Corporation, O=Microsoft Corporation, L=Redmond, S=Washington, C=US",,10.0.0.16299,C:\Program Files\WindowsApps\Microsoft.Getstarted_6.7.3462.0_neutral_~_8wekyb3d8bbwe\AppxMetadata\AppXBundleManifest.xml,False,True,1033,C:\Program Files\WindowsApps\Microsoft.Getstarted_6.7.3462.0_x64__8wekyb3d8bbwe\AppXManifest.xml,,,Microsoft.Getstarted_6.7.3462.0_x64__8wekyb3d8bbwe,0000da39a3ee5e6b4b0d3255bfef95601890afd80709,,C:\Program Files\WindowsApps\Microsoft.Getstarted_6.7.3462.0_x64__8wekyb3d8bbwe,Application,AppxPackage,,,,,,
0000e376f09b499d63a5ee891cc8814dcec200000904,2018-04-06 07:23:10,Microsoft.ECApp,10.0.16299.15,"CN=Microsoft Corporation, O=Microsoft Corporation, L=Redmond, S=Washington, C=US",,10.0.0.16299,,False,True,1033,C:\Windows\SystemApps\Microsoft.ECApp_8wekyb3d8bbwe\AppXManifest.xml,,,Microsoft.ECApp_10.0.16299.15_neutral__8wekyb3d8bbwe,0000da39a3ee5e6b4b0d3255bfef95601890afd80709,,C:\Windows\SystemApps\Microsoft.ECApp_8wekyb3d8bbwe,Application,AppxPackage,,,,,,
0000e456eba0d44cb21c9e6b66673425ea1900000904,2018-04-06 07:23:11,Microsoft.Windows.OOBENetworkCaptivePortal,10.0.16299.15,"CN=Microsoft Windows, O=Microsoft Corporation, L=Redmond, S=Washington, C=US",,10.0.0.16299,,False,True,1033,C:\Windows\SystemApps\Microsoft.Windows.OOBENetworkCaptivePortal_cw5n1h2txyewy\AppXManifest.xml,,,Microsoft.Windows.OOBENetworkCaptivePortal_10.0.16299.15_neutral__cw5n1h2txyewy,0000da39a3ee5e6b4b0d3255bfef95601890afd80709,,C:\Windows\SystemApps\Microsoft.Windows.OOBENetworkCaptivePortal_cw5n1h2txyewy,Application,AppxPackage,,,,,,
0000e70d731140cf9e1b8c01de8eaf253bde00000904,2018-04-06 07:23:10,Microsoft.AccountsControl,10.0.16299.15,"CN=Microsoft Windows, O=Microsoft Corporation, L=Redmond, S=Washington, C=US",,10.0.0.16299,,False,True,1033,C:\Windows\SystemApps\Microsoft.AccountsControl_cw5n1h2txyewy\AppXManifest.xml,,,Microsoft.AccountsControl_10.0.16299.15_neutral__cw5n1h2txyewy,0000da39a3ee5e6b4b0d3255bfef95601890afd80709,,C:\Windows\SystemApps\Microsoft.AccountsControl_cw5n1h2txyewy,Application,AppxPackage,,,,,,
0000e9eba411a08723b17a55052b9945927f00000904,2018-04-06 07:23:11,Microsoft.XboxGameOverlay,1.24.5001.0,"CN=Microsoft Corporation, O=Microsoft Corporation, L=Redmond, S=Washington, C=US",,10.0.0.16299,C:\Program Files\WindowsApps\Microsoft.XboxGameOverlay_1.24.5001.0_neutral_~_8wekyb3d8bbwe\AppxMetadata\AppXBundleManifest.xml,False,True,1033,C:\Program Files\WindowsApps\Microsoft.XboxGameOverlay_1.24.5001.0_x64__8wekyb3d8bbwe\AppXManifest.xml,,,Microsoft.XboxGameOverlay_1.24.5001.0_x64__8wekyb3d8bbwe,0000da39a3ee5e6b4b0d3255bfef95601890afd80709,,C:\Program Files\WindowsApps\Microsoft.XboxGameOverlay_1.24.5001.0_x64__8wekyb3d8bbwe,Application,AppxPackage,,,,,,
0000ea1389b3df4157bbff12b84038315f9000000008,2018-04-06 07:23:13,NVIDIA Display Container LS,1.0,NVIDIA Corporation,2018-03-27 00:00:00,10.0.0.16299,,True,False,2048,,,{B2FE1952-0186-46C3-BAEC-A80AA35AC5B8},,0000da39a3ee5e6b4b0d3255bfef95601890afd80709,HKEY_LOCAL_MACHINE\Software\Microsoft\Windows\CurrentVersion\Uninstall\{B2FE1952-0186-46C3-BAEC-A80AA35AC5B8}_NVDisplayContainerLS,C:\Program Files\NVIDIA Corporation\Installer2\NVDisplayContainerLS.{81BACCF5-054C-4518-97B7-9484EAFF5BE0},Application,Msi,,,,,,
0000f18ce3f4966f25d15071664625e9a63c0000ffff,2018-04-06 07:23:13,Microsoft Office 365 ProPlus - en-us,16.0.8431.2236,Microsoft Corporation,2018-03-27 09:45:17,10.0.0.16299,,False,False,65535,,,,,0000221ae627a6c4e4d246232ea08ad480cc8048ff5d,HKEY_LOCAL_MACHINE\Software\Microsoft\Windows\CurrentVersion\Uninstall\O365ProPlusRetail - en-us,C:\Program Files (x86)\Microsoft Office,Application,AddRemoveProgram,,"""C:\Program Files\Common Files\Microsoft Shared\ClickToRun\OfficeClickToRun.exe"" scenario=install scenariosubtype=ARP sourcetype=None productstoremove=O365ProPlusRetail.16_en-us_x-none culture=en-us version.16=16.0",,,,
0000f9274062ffca3635d14d9d603168cd4d00000008,2018-04-06 07:23:13,NVIDIA Graphics Driver 376.54,376.54,NVIDIA Corporation,2018-03-27 00:00:00,10.0.0.16299,,False,False,2048,,,{B2FE1952-0186-46C3-BAEC-A80AA35AC5B8},,0000da39a3ee5e6b4b0d3255bfef95601890afd80709,HKEY_LOCAL_MACHINE\Software\Microsoft\Windows\CurrentVersion\Uninstall\{B2FE1952-0186-46C3-BAEC-A80AA35AC5B8}_Display.Driver,C:\Program Files\NVIDIA Corporation\Installer2\Display.Driver.{F1A55424-D217-43B2-9E6F-93F765181C8D},Application,Msi,,"""C:\Windows\SysWOW64\RunDll32.EXE"" ""C:\Program Files\NVIDIA Corporation\Installer2\InstallerCore\NVI2.DLL"",UninstallPackage Display.Driver",,,,
0000f96ffb5a3933f8c76103bad3bfe9742d00000904,2018-04-06 07:23:13,Dropbox Update Helper,1.3.65.1,"Dropbox, Inc.",2018-03-27 00:00:00,10.0.0.16299,,True,False,1033,,{0C3CCF3E-59F7-48BE-B02E-E735A87CEB5B},{099218A5-A723-43DC-8DB5-6173656A1E94},,0000da39a3ee5e6b4b0d3255bfef95601890afd80709,HKEY_LOCAL_MACHINE\Software\Wow6432Node\Microsoft\Windows\CurrentVersion\Uninstall\{099218A5-A723-43DC-8DB5-6173656A1E94},,Application,Msi,,MsiExec.exe /I{099218A5-A723-43DC-8DB5-6173656A1E94},,,,
0000fa267f644b9066babd4f538f64d0024a00000904,2018-04-06 07:23:13,Box Sync,4.0.7900.0,"Box, Inc.",2018-03-29 00:00:00,10.0.0.16299,,False,False,1033,,{3C9C5278-BA65-45D5-8462-659565814E96},{C9F786DC-0EBD-4232-A50A-F184FB25908E},,0000da39a3ee5e6b4b0d3255bfef95601890afd80709,HKEY_LOCAL_MACHINE\Software\Microsoft\Windows\CurrentVersion\Uninstall\{C9F786DC-0EBD-4232-A50A-F184FB25908E},,Application,Msi,,MsiExec.exe /X{C9F786DC-0EBD-4232-A50A-F184FB25908E},,,,
0000fa7b4e3f81c38a135aae6781e151570600000904,2018-04-06 07:23:12,Microsoft.WindowsStore,11803.1001.6.0,"CN=Microsoft Corporation, O=Microsoft Corporation, L=Redmond, S=Washington, C=US",,10.0.0.16299,C:\Program Files\WindowsApps\Microsoft.WindowsStore_11803.1001.613.0_neutral_~_8wekyb3d8bbwe\AppxMetadata\AppXBundleManifest.xml,False,False,1033,C:\Program Files\WindowsApps\Microsoft.WindowsStore_11803.1001.6.0_x64__8wekyb3d8bbwe\AppXManifest.xml,,,Microsoft.WindowsStore_11803.1001.6.0_x64__8wekyb3d8bbwe,0000da39a3ee5e6b4b0d3255bfef95601890afd80709,,C:\Program Files\WindowsApps\Microsoft.WindowsStore_11803.1001.6.0_x64__8wekyb3d8bbwe,Application,AppxPackage,,,,,,
0000fad9870e1e97c260806e46f59d46cf5000000904,2018-04-06 07:23:11,Microsoft.Windows.HolographicFirstRun,10.0.16299.125,"CN=Microsoft Windows, O=Microsoft Corporation, L=Redmond, S=Washington, C=US",,10.0.0.16299,,False,True,1033,C:\Windows\SystemApps\Microsoft.Windows.HolographicFirstRun_cw5n1h2txyewy\AppXManifest.xml,,,Microsoft.Windows.HolographicFirstRun_10.0.16299.125_neutral_neutral_cw5n1h2txyewy,0000da39a3ee5e6b4b0d3255bfef95601890afd80709,,C:\Windows\SystemApps\Microsoft.Windows.HolographicFirstRun_cw5n1h2txyewy,Application,AppxPackage,,,,,,
0000fb0dfa05342727019a7dcdf4115e915500000904,2018-04-06 07:23:11,Microsoft.Windows.AssignedAccessLockApp,1000.16299.15.0,"CN=Microsoft Windows, O=Microsoft Corporation, L=Redmond, S=Washington, C=US",,10.0.0.16299,,False,True,1033,C:\Windows\SystemApps\Microsoft.Windows.AssignedAccessLockApp_cw5n1h2txyewy\AppXManifest.xml,,,Microsoft.Windows.AssignedAccessLockApp_1000.16299.15.0_neutral_neutral_cw5n1h2txyewy,0000da39a3ee5e6b4b0d3255bfef95601890afd80709,,C:\Windows\SystemApps\Microsoft.Windows.AssignedAccessLockApp_cw5n1h2txyewy,Application,AppxPackage,,,,,,
0000fe76bc27925f890f4a071921fb09c50800000904,2018-04-06 07:23:12,Microsoft.MSPaint,4.1803.21027.0,"CN=Microsoft Corporation, O=Microsoft Corporation, L=Redmond, S=Washington, C=US",,10.0.0.16299,C:\Program Files\WindowsApps\Microsoft.MSPaint_4.1803.21027.0_neutral_~_8wekyb3d8bbwe\AppxMetadata\AppXBundleManifest.xml,False,False,1033,C:\Program Files\WindowsApps\Microsoft.MSPaint_4.1803.21027.0_x64__8wekyb3d8bbwe\AppXManifest.xml,,,Microsoft.MSPaint_4.1803.21027.0_x64__8wekyb3d8bbwe,0000da39a3ee5e6b4b0d3255bfef95601890afd80709,,C:\Program Files\WindowsApps\Microsoft.MSPaint_4.1803.21027.0_x64__8wekyb3d8bbwe,Application,AppxPackage,,,,,,
